transect,year,bay_segment,n_visits,total_seagrass_frequency,Thalassia_frequency,Halodule_frequency,Syringodium_frequency,Ruppia_frequency,Halophila_frequency
S1T1,1998,Old Tampa Bay,1,0.23076923076923078,0.07692307692307693,0.23076923076923078,0,0,0
S1T10,1998,Old Tampa Bay,1,0.8333333333333334,0.16666666666666666,0.5,0.5,0,0
S1T11,1998,Old Tampa Bay,1,0.8571428571428571,0,0.8571428571428571,0,0,0
S1T12,1998,Old Tampa Bay,1,0.2857142857142857,0,0.2857142857142857,0,0,0
S1T2,1998,Old Tampa Bay,1,0.5,0,0.5,0,0,0
S1T3,1998,Old Tampa Bay,1,0.7,0,0.7,0,0,0
S1T4,1998,Old Tampa Bay,1,0,0,0,0,0,0
S1T5,1998,Old Tampa Bay,1,0.8846153846153846,0.3076923076923077,0.5384615384615384,0.038461538461538464,0.15384615384615385,0
S1T6,1998,Old Tampa Bay,1,0.6206896551724138,0.5172413793103449,0.20689655172413793,0.13793103448275862,0,0
S1T7,1998,Old Tampa Bay,1,1,0,0.42857142857142855,0.5714285714285714,0,0
S1T8,1998,Old Tampa Bay,1,0.875,0.5,0.25,0.5,0,0
S1T9,1998,Old Tampa Bay,1,0.38461538461538464,0.07692307692307693,0.3076923076923077,0,0,0
S2T10,1998,Hillsborough Bay,1,0.4,0,0.4,0,0,0
S2T111,1998,Hillsborough Bay,1,0.34782608695652173,0,0.34782608695652173,0,0,0
S2T112,1998,Hillsborough Bay,1,0,0,0,0,0,0
S2T12,1998,Middle Tampa Bay,1,0.16666666666666666,0,0.16666666666666666,0,0,0
S2T2,1998,Hillsborough Bay,1,0.423728813559322,0,0.423728813559322,0,0,0
S2T3,1998,Hillsborough Bay,1,0.046153846153846156,0,0.046153846153846156,0,0,0
S2T4,1998,Hillsborough Bay,1,0,0,0,0,0,0
S2T5,1998,Hillsborough Bay,1,0.14285714285714285,0,0.11428571428571428,0,0.05714285714285714,0
S2T6,1998,Hillsborough Bay,1,0,0,0,0,0,0
S2T8,1998,Hillsborough Bay,1,0,0,0,0,0,0
S2T9,1998,Hillsborough Bay,1,0.21739130434782608,0,0.21739130434782608,0,0,0
S3T1,1998,Middle Tampa Bay,1,0.5833333333333334,0,0.25,0.3333333333333333,0,0
S3T12,1998,Middle Tampa Bay,1,0.5106382978723404,0,0.48936170212765956,0,0.0851063829787234,0
S3T13,1998,Middle Tampa Bay,1,0.5434782608695652,0,0.5,0,0.08695652173913043,0
S3T2,1998,Middle Tampa Bay,1,0.9090909090909091,0,0.9090909090909091,0,0.09090909090909091,0
S3T3,1998,Middle Tampa Bay,1,0.7142857142857143,0.42857142857142855,0.2857142857142857,0.14285714285714285,0,0
S3T4,1998,Middle Tampa Bay,1,0.75,0.125,0.625,0,0,0
S3T5,1998,Middle Tampa Bay,1,0.6470588235294118,0.35294117647058826,0.17647058823529413,0.17647058823529413,0,0
S3T6,1998,Middle Tampa Bay,1,0.375,0,0.25,0.125,0,0
S3T7,1998,Middle Tampa Bay,1,0.7142857142857143,0,0.14285714285714285,0.5714285714285714,0,0
S3T8,1998,Middle Tampa Bay,1,0.5555555555555556,0,0.4444444444444444,0.1111111111111111,0.1111111111111111,0
S3T9,1998,Middle Tampa Bay,1,0.6666666666666666,0,0.6666666666666666,0,0,0
S4T1,1998,Lower Tampa Bay,1,0.47368421052631576,0.42105263157894735,0.15789473684210525,0,0,0
S4T10,1998,Lower Tampa Bay,1,1,0.5555555555555556,0.3333333333333333,0.1111111111111111,0,0
S4T11,1998,Lower Tampa Bay,1,0.8181818181818182,0.7272727272727273,0.18181818181818182,0,0,0
S4T12,1998,Lower Tampa Bay,1,0.8333333333333334,0.5,0.5,0.16666666666666666,0,0
S4T2,1998,Lower Tampa Bay,1,0.9,0.7,0.4,0,0,0
S4T3,1998,Lower Tampa Bay,1,1,1,0.6,0.2,0,0
S4T4,1998,Lower Tampa Bay,1,1,1,0,0,0,0
S4T5,1998,Lower Tampa Bay,1,1,0.8333333333333334,0.16666666666666666,0.8333333333333334,0,0
S4T6,1998,Lower Tampa Bay,1,0.7272727272727273,0.36363636363636365,0.2727272727272727,0.18181818181818182,0,0
S4T7,1998,Lower Tampa Bay,1,1,0.8,1,0,0,0
S4T8,1998,Lower Tampa Bay,1,1,0,1,0,0,0
S4T9,1998,Lower Tampa Bay,1,0.75,0.75,0.5,0,0,0
S5T1,1998,Boca Ciega Bay,1,1,0,1,0,0,0
S5T10,1998,Boca Ciega Bay,1,1,0.9285714285714286,0.5714285714285714,0,0,0
S5T11,1998,Boca Ciega Bay,1,1,0,1,0,0,0
S5T2,1998,Boca Ciega Bay,1,0,0,0,0,0,0
S5T3,1998,Boca Ciega Bay,1,1,0,1,0,0,0
S5T4,1998,Boca Ciega Bay,1,1,0,1,0,0,0
S5T5,1998,Boca Ciega Bay,1,1,0,1,0,0,0
S5T6,1998,Boca Ciega Bay,1,0.9166666666666666,0.25,0.6666666666666666,0,0,0
S5T7,1998,Boca Ciega Bay,1,1,1,0.06666666666666667,0,0,0
S5T8,1998,Boca Ciega Bay,1,1,0.9,0.3,0.1,0,0
S5T9,1998,Boca Ciega Bay,1,1,1,0.5714285714285714,0,0,0
S1T1,1999,Old Tampa Bay,1,0.7142857142857143,0,0.6666666666666666,0.047619047619047616,0,0
S1T10,1999,Old Tampa Bay,1,0.3,0,0.3,0,0,0
S1T11,1999,Old Tampa Bay,1,0.3548387096774194,0,0.3548387096774194,0,0,0
S1T12,1999,Old Tampa Bay,1,0,0,0,0,0,0
S1T2,1999,Old Tampa Bay,1,0,0,0,0,0,0
S1T3,1999,Old Tampa Bay,1,0.1111111111111111,0,0.05555555555555555,0,0,0.05555555555555555
S1T4,1999,Old Tampa Bay,1,0.07692307692307693,0,0.07692307692307693,0,0,0
S1T5,1999,Old Tampa Bay,1,0.9032258064516129,0.3225806451612903,0.5161290322580645,0.12903225806451613,0.03225806451612903,0
S1T6,1999,Old Tampa Bay,1,0.8181818181818182,0.6818181818181818,0.3181818181818182,0.22727272727272727,0,0
S1T7,1999,Old Tampa Bay,1,0.9166666666666666,0,0.5833333333333334,0.3333333333333333,0,0
S1T8,1999,Old Tampa Bay,1,0.9090909090909091,0.5454545454545454,0.09090909090909091,0.5454545454545454,0,0
S1T9,1999,Old Tampa Bay,1,0.5882352941176471,0.058823529411764705,0.47058823529411764,0.058823529411764705,0,0
S2T10,1999,Hillsborough Bay,1,0.5333333333333333,0,0.5333333333333333,0,0,0
S2T111,1999,Hillsborough Bay,1,0.3103448275862069,0,0.3103448275862069,0,0,0
S2T112,1999,Hillsborough Bay,1,0.5319148936170213,0,0.5319148936170213,0,0,0
S2T12,1999,Middle Tampa Bay,1,0.8554216867469879,0,0.8554216867469879,0,0,0
S2T2,1999,Hillsborough Bay,1,0.75,0,0.75,0,0,0
S2T3,1999,Hillsborough Bay,1,0.2127659574468085,0,0.2127659574468085,0,0,0
S2T4,1999,Hillsborough Bay,1,0,0,0,0,0,0
S2T5,1999,Hillsborough Bay,1,0.30952380952380953,0,0.19047619047619047,0,0.11904761904761904,0
S2T6,1999,Hillsborough Bay,1,0,0,0,0,0,0
S2T8,1999,Hillsborough Bay,1,0,0,0,0,0,0
S2T9,1999,Hillsborough Bay,1,0.32,0,0.32,0,0,0
S3T1,1999,Middle Tampa Bay,1,0.4166666666666667,0,0.25,0.16666666666666666,0,0
S3T12,1999,Middle Tampa Bay,1,0.7894736842105263,0,0.7894736842105263,0,0,0
S3T13,1999,Middle Tampa Bay,1,0.6703296703296703,0.01098901098901099,0.6263736263736264,0,0.03296703296703297,0
S3T2,1999,Middle Tampa Bay,1,0.8571428571428571,0,0.8571428571428571,0,0,0
S3T3,1999,Middle Tampa Bay,1,0.85,0.2,0.7,0.05,0,0
S3T4,1999,Middle Tampa Bay,1,0.75,0.25,0.6666666666666666,0,0,0
S3T5,1999,Middle Tampa Bay,1,0.7666666666666667,0.2,0.43333333333333335,0.3,0,0
S3T6,1999,Middle Tampa Bay,1,0.6190476190476191,0,0.5714285714285714,0.14285714285714285,0,0
S3T7,1999,Middle Tampa Bay,1,0.5714285714285714,0.2857142857142857,0.14285714285714285,0.42857142857142855,0,0
S3T8,1999,Middle Tampa Bay,1,0.3333333333333333,0,0.3333333333333333,0,0,0
S3T9,1999,Middle Tampa Bay,1,0.625,0,0.625,0,0,0
S4T1,1999,Lower Tampa Bay,1,0.6842105263157895,0.5263157894736842,0.3157894736842105,0,0,0
S4T10,1999,Lower Tampa Bay,1,0.9166666666666666,0.6666666666666666,0.4166666666666667,0.08333333333333333,0,0
S4T11,1999,Lower Tampa Bay,1,0.8888888888888888,0.7777777777777778,0.3333333333333333,0,0,0
S4T12,1999,Lower Tampa Bay,1,0.8823529411764706,0.7058823529411765,0.11764705882352941,0.35294117647058826,0,0
S4T2,1999,Lower Tampa Bay,1,0.5714285714285714,0.42857142857142855,0.07142857142857142,0.14285714285714285,0,0
S4T3,1999,Lower Tampa Bay,1,0.6,0.6,0,0.1,0,0
S4T4,1999,Lower Tampa Bay,1,0.6111111111111112,0.5555555555555556,0,0.1111111111111111,0,0
S4T5,1999,Lower Tampa Bay,1,0.8571428571428571,0.5714285714285714,0.14285714285714285,0.7142857142857143,0,0
S4T6,1999,Lower Tampa Bay,1,0.8,0.7333333333333333,0.26666666666666666,0.13333333333333333,0,0
S4T7,1999,Lower Tampa Bay,1,0.6666666666666666,0.6666666666666666,0.6666666666666666,0,0,0
S4T8,1999,Lower Tampa Bay,1,0.6363636363636364,0,0.6363636363636364,0,0,0.36363636363636365
S4T9,1999,Lower Tampa Bay,1,0.8333333333333334,0.6666666666666666,0.8333333333333334,0,0,0
S5T1,1999,Boca Ciega Bay,1,0.391304347826087,0,0.391304347826087,0,0,0
S5T10,1999,Boca Ciega Bay,1,0.9444444444444444,0.7777777777777778,0.4444444444444444,0,0,0
S5T11,1999,Boca Ciega Bay,1,0.6923076923076923,0,0.6923076923076923,0,0,0
S5T2,1999,Boca Ciega Bay,1,0.7619047619047619,0.047619047619047616,0.7619047619047619,0,0,0
S5T3,1999,Boca Ciega Bay,1,0.45454545454545453,0,0.45454545454545453,0,0,0
S5T4,1999,Boca Ciega Bay,1,0.8571428571428571,0,0.8571428571428571,0,0,0
S5T5,1999,Boca Ciega Bay,1,0.8,0,0.8,0,0,0
S5T6,1999,Boca Ciega Bay,1,0.5,0.18181818181818182,0.4090909090909091,0,0,0
S5T7,1999,Boca Ciega Bay,1,0.8888888888888888,0.8888888888888888,0.16666666666666666,0,0,0
S5T8,1999,Boca Ciega Bay,1,1,0.8461538461538461,0.6153846153846154,0.07692307692307693,0,0
S5T9,1999,Boca Ciega Bay,1,1,1,0.18518518518518517,0,0,0
S1T1,2000,Old Tampa Bay,1,0.7619047619047619,0,0.7142857142857143,0,0,0.047619047619047616
S1T10,2000,Old Tampa Bay,1,0.6428571428571429,0,0.5,0.14285714285714285,0,0
S1T11,2000,Old Tampa Bay,1,0.5128205128205128,0,0.5128205128205128,0,0,0
S1T12,2000,Old Tampa Bay,1,0.23076923076923078,0,0.23076923076923078,0,0,0
S1T2,2000,Old Tampa Bay,1,0.2,0,0.1,0,0,0.1
S1T3,2000,Old Tampa Bay,1,0.2,0,0.06666666666666667,0,0,0.13333333333333333
S1T4,2000,Old Tampa Bay,1,0.1836734693877551,0,0.1836734693877551,0,0,0
S1T5,2000,Old Tampa Bay,1,0.9333333333333333,0.26666666666666666,0.6,0.1,0,0
S1T6,2000,Old Tampa Bay,1,0.896551724137931,0.6896551724137931,0.3103448275862069,0.1724137931034483,0,0
S1T7,2000,Old Tampa Bay,1,0.7619047619047619,0,0.42857142857142855,0.3333333333333333,0,0
S1T8,2000,Old Tampa Bay,1,0.5909090909090909,0.3181818181818182,0.18181818181818182,0.45454545454545453,0,0
S1T9,2000,Old Tampa Bay,1,0.6382978723404256,0.0851063829787234,0.46808510638297873,0.14893617021276595,0,0
S2T10,2000,Hillsborough Bay,1,0.4827586206896552,0,0.4827586206896552,0,0,0
S2T111,2000,Hillsborough Bay,1,0.26666666666666666,0,0.26666666666666666,0,0,0
S2T112,2000,Hillsborough Bay,1,0.5918367346938775,0,0.5918367346938775,0,0,0
S2T12,2000,Middle Tampa Bay,1,0.6923076923076923,0,0.6923076923076923,0,0,0
S2T2,2000,Hillsborough Bay,1,0.4411764705882353,0,0.4411764705882353,0,0,0
S2T3,2000,Hillsborough Bay,1,0.21739130434782608,0,0.21739130434782608,0,0,0
S2T4,2000,Hillsborough Bay,1,0,0,0,0,0,0
S2T5,2000,Hillsborough Bay,1,0.2558139534883721,0,0.16279069767441862,0,0.09302325581395349,0
S2T6,2000,Hillsborough Bay,1,0.05555555555555555,0,0,0,0.05555555555555555,0
S2T8,2000,Hillsborough Bay,1,0.08333333333333333,0,0.08333333333333333,0,0,0
S2T9,2000,Hillsborough Bay,1,0.3333333333333333,0,0.3333333333333333,0,0,0
S3T1,2000,Middle Tampa Bay,1,0.3076923076923077,0.057692307692307696,0.17307692307692307,0.17307692307692307,0,0
S3T10,2000,Old Tampa Bay,1,0.3617021276595745,0.02127659574468085,0.2978723404255319,0.0425531914893617,0,0
S3T11,2000,Middle Tampa Bay,1,0.6956521739130435,0.17391304347826086,0.15217391304347827,0.5,0,0
S3T12,2000,Middle Tampa Bay,1,0.6949152542372882,0,0.6949152542372882,0,0,0
S3T13,2000,Middle Tampa Bay,1,0.32653061224489793,0,0.32653061224489793,0,0,0
S3T2,2000,Middle Tampa Bay,1,0.40816326530612246,0,0.40816326530612246,0,0,0
S3T3,2000,Middle Tampa Bay,1,0.8333333333333334,0.4444444444444444,0.3888888888888889,0.16666666666666666,0,0
S3T4,2000,Middle Tampa Bay,1,0.6666666666666666,0.3333333333333333,0.6666666666666666,0,0,0
S3T5,2000,Middle Tampa Bay,1,0.48484848484848486,0.2727272727272727,0.15151515151515152,0.18181818181818182,0,0
S3T6,2000,Middle Tampa Bay,1,0.5,0.05555555555555555,0.3888888888888889,0.1111111111111111,0,0
S3T7,2000,Middle Tampa Bay,1,0.28125,0.09375,0.03125,0.1875,0,0
S3T8,2000,Middle Tampa Bay,1,0.2,0.075,0.15,0.025,0.025,0
S3T9,2000,Middle Tampa Bay,1,0.4,0,0.4,0,0,0
S4T10,2000,Lower Tampa Bay,1,0.7586206896551724,0.5862068965517241,0.2413793103448276,0,0,0
S4T11,2000,Lower Tampa Bay,1,0.8571428571428571,0.8095238095238095,0.19047619047619047,0,0,0
S4T12,2000,Lower Tampa Bay,1,0.8125,0.75,0.0625,0.3125,0,0
S4T13,2000,Lower Tampa Bay,1,0.5555555555555556,0.2222222222222222,0.1111111111111111,0.3333333333333333,0,0
S4T14,2000,Lower Tampa Bay,1,0.8333333333333334,0.08333333333333333,0.3333333333333333,0.4166666666666667,0,0
S4T15,2000,Lower Tampa Bay,1,0.47058823529411764,0.23529411764705882,0.23529411764705882,0,0,0
S4T2,2000,Lower Tampa Bay,1,0.42857142857142855,0.35714285714285715,0.23809523809523808,0,0,0
S4T3,2000,Lower Tampa Bay,1,0.7272727272727273,0.6363636363636364,0.2727272727272727,0.09090909090909091,0,0
S4T4,2000,Lower Tampa Bay,1,0.575,0.475,0.075,0.05,0,0
S4T5,2000,Lower Tampa Bay,1,0.9,0.7,0.4,0.5,0,0
S4T6,2000,Lower Tampa Bay,1,0.7692307692307693,0.7307692307692307,0.34615384615384615,0.07692307692307693,0,0
S4T7,2000,Lower Tampa Bay,1,0.47058823529411764,0.35294117647058826,0.4117647058823529,0,0,0.058823529411764705
S4T8,2000,Lower Tampa Bay,1,0.7333333333333333,0,0.3333333333333333,0,0.6666666666666666,0
S4T9,2000,Lower Tampa Bay,1,0.5714285714285714,0.2857142857142857,0.5714285714285714,0,0,0
S5T1,2000,Boca Ciega Bay,1,0.4,0,0.4,0,0,0
S5T10,2000,Boca Ciega Bay,1,0.9411764705882353,0.8823529411764706,0.5294117647058824,0,0,0
S5T11,2000,Boca Ciega Bay,1,1,0,1,0,0,0
S5T2,2000,Boca Ciega Bay,1,0.6666666666666666,0.26666666666666666,0.6666666666666666,0,0,0
S5T3,2000,Boca Ciega Bay,1,0.4166666666666667,0,0.4166666666666667,0,0,0
S5T4,2000,Boca Ciega Bay,1,0.4,0,0.4,0,0,0
S5T5,2000,Boca Ciega Bay,1,0.8888888888888888,0,0.8888888888888888,0,0,0
S5T6,2000,Boca Ciega Bay,1,0.5,0.15,0.4,0,0,0
S5T7,2000,Boca Ciega Bay,1,0.9333333333333333,0.9333333333333333,0.3333333333333333,0,0,0
S5T8,2000,Boca Ciega Bay,1,0.8888888888888888,0.3333333333333333,0.1111111111111111,0.7777777777777778,0,0
S5T9,2000,Boca Ciega Bay,1,1,1,0.23809523809523808,0,0,0
S1T1,2001,Old Tampa Bay,1,0.7407407407407407,0,0.7037037037037037,0.07407407407407407,0,0
S1T13,2001,Old Tampa Bay,1,0.7021276595744681,0,0.7021276595744681,0,0,0
S1T14,2001,Old Tampa Bay,1,0.9117647058823529,0.2647058823529412,0.38235294117647056,0.38235294117647056,0,0
S1T15,2001,Old Tampa Bay,1,0.8666666666666667,0.24444444444444444,0.4444444444444444,0.24444444444444444,0,0
S1T16,2001,Old Tampa Bay,1,0.6739130434782609,0.15217391304347827,0.45652173913043476,0.10869565217391304,0,0
S1T17,2001,Old Tampa Bay,1,0.2540983606557377,0,0.1885245901639344,0.06557377049180328,0,0
S1T3,2001,Old Tampa Bay,1,0.5757575757575758,0,0.5151515151515151,0,0,0.06060606060606061
S1T4,2001,Old Tampa Bay,1,0.3269230769230769,0,0.3269230769230769,0,0,0
S1T5,2001,Old Tampa Bay,1,0.8285714285714286,0.2571428571428571,0.5142857142857142,0.11428571428571428,0.02857142857142857,0
S1T6,2001,Old Tampa Bay,1,0.8780487804878049,0.5609756097560976,0.3902439024390244,0.04878048780487805,0,0
S1T8,2001,Old Tampa Bay,1,0.44,0.24,0.08,0.32,0,0
S1T9,2001,Old Tampa Bay,1,0.7317073170731707,0.04878048780487805,0.4878048780487805,0.24390243902439024,0,0
S2T10,2001,Hillsborough Bay,1,0.6666666666666666,0,0.6666666666666666,0,0,0
S2T111,2001,Hillsborough Bay,1,0.2647058823529412,0,0.2647058823529412,0,0,0
S2T112,2001,Hillsborough Bay,1,0.43333333333333335,0,0.43333333333333335,0,0,0
S2T12,2001,Middle Tampa Bay,1,0.8,0,0.8,0,0,0
S2T2,2001,Hillsborough Bay,1,0.44285714285714284,0,0.44285714285714284,0,0,0
S2T3,2001,Hillsborough Bay,1,0.21153846153846154,0,0.21153846153846154,0,0,0
S2T4,2001,Hillsborough Bay,1,0,0,0,0,0,0
S2T5,2001,Hillsborough Bay,1,0.21621621621621623,0,0.1891891891891892,0,0.02702702702702703,0
S2T6,2001,Hillsborough Bay,1,0.05555555555555555,0,0,0,0.05555555555555555,0
S2T8,2001,Hillsborough Bay,1,0,0,0,0,0,0
S2T9,2001,Hillsborough Bay,1,0.2916666666666667,0,0.2916666666666667,0,0,0
S3T1,2001,Middle Tampa Bay,1,0.43902439024390244,0.07317073170731707,0.1951219512195122,0.2682926829268293,0,0
S3T10,2001,Old Tampa Bay,1,0.2826086956521739,0.08695652173913043,0.21739130434782608,0,0,0
S3T11,2001,Middle Tampa Bay,1,0.6818181818181818,0.18181818181818182,0.2727272727272727,0.4318181818181818,0,0
S3T12,2001,Middle Tampa Bay,1,0.7021276595744681,0,0.7021276595744681,0,0,0
S3T13,2001,Middle Tampa Bay,1,0.38,0.02,0.34,0,0.04,0
S3T2,2001,Middle Tampa Bay,1,0.5576923076923077,0,0.5576923076923077,0,0,0
S3T3,2001,Middle Tampa Bay,1,0.7222222222222222,0.4444444444444444,0.5,0.1111111111111111,0,0
S3T4,2001,Middle Tampa Bay,1,0.75,0.16666666666666666,0.75,0,0,0
S3T5,2001,Middle Tampa Bay,1,0.5454545454545454,0.18181818181818182,0.21212121212121213,0.24242424242424243,0,0
S3T6,2001,Middle Tampa Bay,1,0.6666666666666666,0.06666666666666667,0.4,0.2,0,0
S3T7,2001,Middle Tampa Bay,1,0.46153846153846156,0.07692307692307693,0.07692307692307693,0.34615384615384615,0,0
S3T8,2001,Middle Tampa Bay,1,0.32142857142857145,0.14285714285714285,0.25,0.03571428571428571,0,0
S3T9,2001,Middle Tampa Bay,1,0.7,0,0.7,0,0,0
S4T10,2001,Lower Tampa Bay,1,0.9142857142857143,0.6571428571428571,0.34285714285714286,0,0,0
S4T11,2001,Lower Tampa Bay,1,0.9047619047619048,0.8095238095238095,0.3333333333333333,0.047619047619047616,0,0
S4T12,2001,Lower Tampa Bay,1,0.6875,0.5625,0.125,0.1875,0,0
S4T13,2001,Lower Tampa Bay,1,0.7272727272727273,0.36363636363636365,0.36363636363636365,0.18181818181818182,0,0
S4T14,2001,Lower Tampa Bay,1,0.6666666666666666,0.08333333333333333,0.3333333333333333,0.3333333333333333,0,0
S4T15,2001,Lower Tampa Bay,1,0.47058823529411764,0.17647058823529413,0.29411764705882354,0,0,0
S4T2,2001,Lower Tampa Bay,1,0.3695652173913043,0.2608695652173913,0.10869565217391304,0,0,0
S4T3,2001,Lower Tampa Bay,1,0.38095238095238093,0.2857142857142857,0.09523809523809523,0,0,0
S4T4,2001,Lower Tampa Bay,1,0.5471698113207547,0.5471698113207547,0,0.018867924528301886,0,0
S4T5,2001,Lower Tampa Bay,1,0.8181818181818182,0.6363636363636364,0.2727272727272727,0.45454545454545453,0,0
S4T6,2001,Lower Tampa Bay,1,0.7708333333333334,0.6458333333333334,0.2708333333333333,0.08333333333333333,0,0
S4T7,2001,Lower Tampa Bay,1,0.5714285714285714,0.42857142857142855,0.5,0,0,0
S4T8,2001,Lower Tampa Bay,1,0.38095238095238093,0,0.38095238095238093,0,0,0
S4T9,2001,Lower Tampa Bay,1,0.5,0.25,0.5,0,0,0
S5T1,2001,Boca Ciega Bay,1,0.8571428571428571,0,0.8571428571428571,0,0,0
S5T10,2001,Boca Ciega Bay,1,0.9333333333333333,0.8,0.6,0,0,0
S5T11,2001,Boca Ciega Bay,1,0.9,0,0.9,0,0,0
S5T2,2001,Boca Ciega Bay,1,0.7333333333333333,0.2,0.5333333333333333,0,0,0
S5T3,2001,Boca Ciega Bay,1,0.6666666666666666,0,0.6666666666666666,0,0,0
S5T4,2001,Boca Ciega Bay,1,0.6666666666666666,0,0.6666666666666666,0,0,0
S5T5,2001,Boca Ciega Bay,1,0.7272727272727273,0,0.7272727272727273,0,0,0
S5T6,2001,Boca Ciega Bay,1,0.5263157894736842,0.15789473684210525,0.42105263157894735,0,0,0
S5T7,2001,Boca Ciega Bay,1,0.8947368421052632,0.8421052631578947,0.2631578947368421,0,0,0
S5T8,2001,Boca Ciega Bay,1,0.8571428571428571,0.42857142857142855,0.42857142857142855,0.42857142857142855,0,0
S5T9,2001,Boca Ciega Bay,1,0.9642857142857143,0.9642857142857143,0.17857142857142858,0,0,0
S1T1,2002,Old Tampa Bay,1,0.673469387755102,0,0.5510204081632653,0.10204081632653061,0,0.04081632653061224
S1T13,2002,Old Tampa Bay,1,0.7529411764705882,0,0.7411764705882353,0.023529411764705882,0,0
S1T14,2002,Old Tampa Bay,1,0.9365079365079365,0.23809523809523808,0.42857142857142855,0.4444444444444444,0,0
S1T15,2002,Old Tampa Bay,1,0.8,0.3,0.45,0.3,0,0
S1T16,2002,Old Tampa Bay,1,0.7422680412371134,0.17525773195876287,0.4329896907216495,0.08247422680412371,0.1134020618556701,0
S1T17,2002,Old Tampa Bay,1,0.37012987012987014,0,0.2597402597402597,0.11688311688311688,0,0
S1T3,2002,Old Tampa Bay,1,0,0,0,0,0,0
S1T4,2002,Old Tampa Bay,1,0.26,0,0.26,0,0,0
S1T5,2002,Old Tampa Bay,1,0.8536585365853658,0.1951219512195122,0.4634146341463415,0.07317073170731707,0.14634146341463414,0
S1T6,2002,Old Tampa Bay,1,0.9302325581395349,0.5116279069767442,0.5348837209302325,0.18604651162790697,0,0
S1T8,2002,Old Tampa Bay,1,0.45454545454545453,0.09090909090909091,0.22727272727272727,0.4090909090909091,0,0
S1T9,2002,Old Tampa Bay,1,0.8311688311688312,0.09090909090909091,0.7142857142857143,0.14285714285714285,0,0
S2T10,2002,Hillsborough Bay,1,0.5357142857142857,0,0.5357142857142857,0,0,0
S2T111,2002,Hillsborough Bay,1,0.48484848484848486,0,0.48484848484848486,0,0,0
S2T112,2002,Hillsborough Bay,1,0.5,0,0.5,0,0,0
S2T12,2002,Middle Tampa Bay,1,0.43478260869565216,0,0.43478260869565216,0,0,0
S2T2,2002,Hillsborough Bay,1,0.4393939393939394,0,0.4393939393939394,0,0,0
S2T3,2002,Hillsborough Bay,1,0.21739130434782608,0,0.21739130434782608,0,0,0
S2T4,2002,Hillsborough Bay,1,0,0,0,0,0,0
S2T5,2002,Hillsborough Bay,1,0.3055555555555556,0,0.3055555555555556,0,0,0
S2T6,2002,Hillsborough Bay,1,0.1111111111111111,0,0,0,0.1111111111111111,0
S2T8,2002,Hillsborough Bay,1,0,0,0,0,0,0
S2T9,2002,Hillsborough Bay,1,0.3448275862068966,0,0.3448275862068966,0,0,0
S3T1,2002,Middle Tampa Bay,1,0.4375,0.1875,0.21875,0.125,0,0
S3T10,2002,Old Tampa Bay,1,0.3673469387755102,0.14285714285714285,0.24489795918367346,0,0,0
S3T11,2002,Middle Tampa Bay,1,0.7884615384615384,0.23076923076923078,0.23076923076923078,0.4807692307692308,0,0
S3T12,2002,Middle Tampa Bay,1,0.7547169811320755,0,0.7547169811320755,0,0,0
S3T13,2002,Middle Tampa Bay,1,0.42105263157894735,0.03508771929824561,0.40350877192982454,0,0.017543859649122806,0
S3T2,2002,Middle Tampa Bay,1,0.6666666666666666,0,0.6428571428571429,0,0.023809523809523808,0
S3T3,2002,Middle Tampa Bay,1,0.7894736842105263,0.47368421052631576,0.3684210526315789,0.3157894736842105,0,0
S3T4,2002,Middle Tampa Bay,1,0.6428571428571429,0.14285714285714285,0.6428571428571429,0,0,0
S3T5,2002,Middle Tampa Bay,1,0.625,0.25,0.25,0.21875,0,0
S3T6,2002,Middle Tampa Bay,1,0.6,0,0.4,0.25,0,0
S3T7,2002,Middle Tampa Bay,1,0.6071428571428571,0.21428571428571427,0.17857142857142858,0.39285714285714285,0,0
S3T8,2002,Middle Tampa Bay,1,0.44,0.16,0.24,0.16,0,0
S3T9,2002,Middle Tampa Bay,1,0.6818181818181818,0,0.6818181818181818,0,0,0
S4T1,2002,Lower Tampa Bay,1,0.6470588235294118,0.4117647058823529,0.4117647058823529,0,0,0
S4T10,2002,Lower Tampa Bay,1,0.4,0.13333333333333333,0.2,0.06666666666666667,0,0
S4T11,2002,Lower Tampa Bay,1,0.7857142857142857,0.7142857142857143,0.2857142857142857,0.07142857142857142,0,0
S4T12,2002,Lower Tampa Bay,1,0.7916666666666666,0.4583333333333333,0.3333333333333333,0.16666666666666666,0,0
S4T13,2002,Lower Tampa Bay,1,0.6,0.4,0.1,0.3,0,0
S4T14,2002,Lower Tampa Bay,1,0.7692307692307693,0.46153846153846156,0.3076923076923077,0.3076923076923077,0,0
S4T15,2002,Lower Tampa Bay,1,0.3157894736842105,0.15789473684210525,0.15789473684210525,0,0,0
S4T2,2002,Lower Tampa Bay,1,0.4666666666666667,0.13333333333333333,0.3333333333333333,0,0,0
S4T3,2002,Lower Tampa Bay,1,0.6923076923076923,0.5384615384615384,0.38461538461538464,0.07692307692307693,0,0
S4T4,2002,Lower Tampa Bay,1,0.2692307692307692,0.2692307692307692,0.038461538461538464,0,0,0
S4T5,2002,Lower Tampa Bay,1,0.8333333333333334,0.5833333333333334,0.6666666666666666,0.08333333333333333,0,0
S4T6,2002,Lower Tampa Bay,1,0.5217391304347826,0.43478260869565216,0.30434782608695654,0.08695652173913043,0,0
S4T7,2002,Lower Tampa Bay,1,0.47058823529411764,0.35294117647058826,0.4117647058823529,0,0,0
S4T8,2002,Lower Tampa Bay,1,0.29411764705882354,0.058823529411764705,0.29411764705882354,0,0,0
S4T9,2002,Lower Tampa Bay,1,0,0,0,0,0,0
S5T1,2002,Boca Ciega Bay,1,0.6111111111111112,0,0.6111111111111112,0,0,0
S5T10,2002,Boca Ciega Bay,1,0.9333333333333333,0.8,0.5333333333333333,0,0,0
S5T11,2002,Boca Ciega Bay,1,0.9,0,0.9,0,0,0
S5T2,2002,Boca Ciega Bay,1,0.6666666666666666,0.26666666666666666,0.5333333333333333,0,0,0
S5T3,2002,Boca Ciega Bay,1,0.8571428571428571,0,0.8571428571428571,0,0,0
S5T4,2002,Boca Ciega Bay,1,0.7777777777777778,0,0.7777777777777778,0,0,0
S5T5,2002,Boca Ciega Bay,1,0.6153846153846154,0,0.6153846153846154,0,0,0
S5T6,2002,Boca Ciega Bay,1,0.8235294117647058,0.17647058823529413,0.7058823529411765,0,0,0
S5T7,2002,Boca Ciega Bay,1,0.7894736842105263,0.7894736842105263,0.2631578947368421,0,0,0
S5T8,2002,Boca Ciega Bay,1,1,0.4117647058823529,0.35294117647058826,0.6470588235294118,0,0
S5T9,2002,Boca Ciega Bay,1,1,0.9333333333333333,0.26666666666666666,0,0,0
S1T1,2003,Old Tampa Bay,1,0.7037037037037037,0,0.6296296296296297,0.07407407407407407,0,0
S1T13,2003,Old Tampa Bay,1,0.6271186440677966,0,0.6271186440677966,0,0,0
S1T14,2003,Old Tampa Bay,1,0.7678571428571429,0.19642857142857142,0.2857142857142857,0.3392857142857143,0,0
S1T15,2003,Old Tampa Bay,1,0.8571428571428571,0.3392857142857143,0.5178571428571429,0.2857142857142857,0,0
S1T16,2003,Old Tampa Bay,1,0.8301886792452831,0.2169811320754717,0.5188679245283019,0.12264150943396226,0.1792452830188679,0
S1T17,2003,Old Tampa Bay,1,0.24806201550387597,0,0.15503875968992248,0.09302325581395349,0,0
S1T3,2003,Old Tampa Bay,1,0.22727272727272727,0,0.22727272727272727,0,0,0
S1T4,2003,Old Tampa Bay,1,0.15555555555555556,0,0.15555555555555556,0,0,0
S1T5,2003,Old Tampa Bay,1,0.8529411764705882,0.35294117647058826,0.5294117647058824,0.08823529411764706,0.38235294117647056,0
S1T6,2003,Old Tampa Bay,1,0.8809523809523809,0.5714285714285714,0.4523809523809524,0.21428571428571427,0,0
S1T8,2003,Old Tampa Bay,1,0.5769230769230769,0.38461538461538464,0.11538461538461539,0.3076923076923077,0,0
S1T9,2003,Old Tampa Bay,1,0.6666666666666666,0.07017543859649122,0.49122807017543857,0.17543859649122806,0,0
S2T10,2003,Hillsborough Bay,1,0.6666666666666666,0,0.6666666666666666,0,0,0
S2T111,2003,Hillsborough Bay,1,0.40625,0,0.40625,0,0,0
S2T112,2003,Hillsborough Bay,1,0.041666666666666664,0,0.041666666666666664,0,0,0
S2T12,2003,Middle Tampa Bay,1,0.22727272727272727,0,0.22727272727272727,0,0,0
S2T2,2003,Hillsborough Bay,1,0.547945205479452,0,0.4931506849315068,0,0.0821917808219178,0
S2T3,2003,Hillsborough Bay,1,0.34285714285714286,0,0.34285714285714286,0,0,0
S2T4,2003,Hillsborough Bay,1,0,0,0,0,0,0
S2T5,2003,Hillsborough Bay,1,0.3,0,0.275,0,0.025,0
S2T6,2003,Hillsborough Bay,1,0.15789473684210525,0,0,0,0.15789473684210525,0
S2T8,2003,Hillsborough Bay,1,0,0,0,0,0,0
S2T9,2003,Hillsborough Bay,1,0.4090909090909091,0,0.4090909090909091,0,0,0
S3T1,2003,Middle Tampa Bay,1,0.5319148936170213,0.10638297872340426,0.1276595744680851,0.3191489361702128,0,0
S3T10,2003,Old Tampa Bay,1,0.44680851063829785,0.1276595744680851,0.3404255319148936,0.02127659574468085,0,0
S3T11,2003,Middle Tampa Bay,1,0.8974358974358975,0.23076923076923078,0.1794871794871795,0.6666666666666666,0,0
S3T12,2003,Middle Tampa Bay,1,0.6226415094339622,0,0.6037735849056604,0,0.018867924528301886,0
S3T13,2003,Middle Tampa Bay,1,0.4583333333333333,0.041666666666666664,0.4027777777777778,0,0.09722222222222222,0
S3T2,2003,Middle Tampa Bay,1,0.8076923076923077,0.019230769230769232,0.8076923076923077,0,0,0
S3T3,2003,Middle Tampa Bay,1,0.6875,0.3125,0.3125,0.1875,0,0
S3T4,2003,Middle Tampa Bay,1,0.6956521739130435,0.34782608695652173,0.6521739130434783,0,0,0
S3T5,2003,Middle Tampa Bay,1,0.7058823529411765,0.35294117647058826,0.29411764705882354,0.21568627450980393,0,0
S3T6,2003,Middle Tampa Bay,1,0.5151515151515151,0.030303030303030304,0.30303030303030304,0.21212121212121213,0,0
S3T7,2003,Middle Tampa Bay,1,0.7954545454545454,0.2727272727272727,0.22727272727272727,0.5909090909090909,0,0
S3T8,2003,Middle Tampa Bay,1,0.4838709677419355,0.06451612903225806,0.2903225806451613,0.0967741935483871,0.03225806451612903,0
S3T9,2003,Middle Tampa Bay,1,0.13333333333333333,0,0.13333333333333333,0,0,0
S4T1,2003,Lower Tampa Bay,1,0.24324324324324326,0.1891891891891892,0.1891891891891892,0,0,0
S4T10,2003,Lower Tampa Bay,1,0.6842105263157895,0.5,0.2894736842105263,0,0,0
S4T11,2003,Lower Tampa Bay,1,0.8260869565217391,0.7391304347826086,0.30434782608695654,0.043478260869565216,0,0
S4T13,2003,Lower Tampa Bay,1,0.6363636363636364,0.36363636363636365,0.18181818181818182,0.2727272727272727,0,0
S4T14,2003,Lower Tampa Bay,1,0.6923076923076923,0.38461538461538464,0.3076923076923077,0.23076923076923078,0,0
S4T15,2003,Lower Tampa Bay,1,0.4090909090909091,0.13636363636363635,0.3181818181818182,0,0,0
S4T2,2003,Lower Tampa Bay,1,0.30434782608695654,0.2391304347826087,0.06521739130434782,0,0,0
S4T3,2003,Lower Tampa Bay,1,0.38095238095238093,0.3333333333333333,0.14285714285714285,0.047619047619047616,0,0
S4T4,2003,Lower Tampa Bay,1,0.47540983606557374,0.45901639344262296,0.04918032786885246,0.03278688524590164,0,0
S4T5,2003,Lower Tampa Bay,1,0.7894736842105263,0.7017543859649122,0.42105263157894735,0.21052631578947367,0,0
S4T6,2003,Lower Tampa Bay,1,0.7254901960784313,0.6274509803921569,0.1568627450980392,0.23529411764705882,0,0
S4T7,2003,Lower Tampa Bay,1,0.47058823529411764,0.35294117647058826,0.4117647058823529,0,0,0
S4T8,2003,Lower Tampa Bay,1,0.25,0,0.16666666666666666,0,0.08333333333333333,0
S4T9,2003,Lower Tampa Bay,1,0.4444444444444444,0.4444444444444444,0.3333333333333333,0,0,0
S5T1,2003,Boca Ciega Bay,1,0.5652173913043478,0,0.5652173913043478,0,0,0
S5T10,2003,Boca Ciega Bay,1,0.9166666666666666,0.75,0.8333333333333334,0,0,0
S5T11,2003,Boca Ciega Bay,1,0.6111111111111112,0,0.6111111111111112,0,0,0
S5T2,2003,Boca Ciega Bay,1,0.8461538461538461,0.3076923076923077,0.6923076923076923,0,0,0
S5T3,2003,Boca Ciega Bay,1,0.5454545454545454,0,0.5454545454545454,0,0,0
S5T4,2003,Boca Ciega Bay,1,1,0,1,0,0,0
S5T5,2003,Boca Ciega Bay,1,1,0,1,0,0,0
S5T6,2003,Boca Ciega Bay,1,0.7692307692307693,0.23076923076923078,0.6153846153846154,0,0,0
S5T7,2003,Boca Ciega Bay,1,0.76,0.76,0.2,0.04,0,0
S5T8,2003,Boca Ciega Bay,1,1,0.4375,0.1875,0.75,0,0
S5T9,2003,Boca Ciega Bay,1,1,1,0.37037037037037035,0,0,0
S1T1,2004,Old Tampa Bay,1,0.72,0,0.68,0.12,0,0
S1T13,2004,Old Tampa Bay,1,0.6363636363636364,0,0.6363636363636364,0,0,0
S1T14,2004,Old Tampa Bay,1,0.9,0.26666666666666666,0.38333333333333336,0.45,0,0
S1T15,2004,Old Tampa Bay,1,0.9692307692307692,0.4307692307692308,0.5538461538461539,0.38461538461538464,0,0
S1T16,2004,Old Tampa Bay,1,0.8108108108108109,0.16216216216216217,0.47297297297297297,0.14864864864864866,0.2702702702702703,0
S1T17,2004,Old Tampa Bay,1,0.2644628099173554,0,0.11570247933884298,0.0743801652892562,0.10743801652892562,0
S1T3,2004,Old Tampa Bay,1,0.2,0,0.2,0,0,0
S1T4,2004,Old Tampa Bay,1,0.19047619047619047,0,0.19047619047619047,0,0,0
S1T5,2004,Old Tampa Bay,1,0.9117647058823529,0.2647058823529412,0.4411764705882353,0.11764705882352941,0.2647058823529412,0
S1T6,2004,Old Tampa Bay,1,0.8591549295774648,0.5211267605633803,0.5774647887323944,0.14084507042253522,0,0
S1T8,2004,Old Tampa Bay,1,0.78125,0.4375,0.34375,0.40625,0,0
S1T9,2004,Old Tampa Bay,1,0.8108108108108109,0.10810810810810811,0.581081081081081,0.28378378378378377,0,0
S2T10,2004,Hillsborough Bay,1,0.6388888888888888,0,0.6388888888888888,0,0,0
S2T111,2004,Hillsborough Bay,1,0.3125,0,0.3125,0,0,0
S2T112,2004,Hillsborough Bay,1,0,0,0,0,0,0
S2T12,2004,Middle Tampa Bay,1,0.25,0,0.25,0,0,0
S2T2,2004,Hillsborough Bay,1,0.5362318840579711,0,0.5217391304347826,0,0.028985507246376812,0
S2T3,2004,Hillsborough Bay,1,0.2727272727272727,0,0.2727272727272727,0,0,0
S2T4,2004,Hillsborough Bay,1,0,0,0,0,0,0
S2T5,2004,Hillsborough Bay,1,0.3023255813953488,0,0.3023255813953488,0,0,0
S2T6,2004,Hillsborough Bay,1,0.2777777777777778,0,0,0,0.2777777777777778,0
S2T8,2004,Hillsborough Bay,1,0.2727272727272727,0,0.2727272727272727,0,0,0
S2T9,2004,Hillsborough Bay,1,0.2692307692307692,0,0.2692307692307692,0,0,0
S3T1,2004,Middle Tampa Bay,1,0.5074626865671642,0.13432835820895522,0.19402985074626866,0.26865671641791045,0,0
S3T10,2004,Old Tampa Bay,1,0.6,0.1,0.5666666666666667,0,0,0
S3T11,2004,Middle Tampa Bay,1,0.9230769230769231,0.28846153846153844,0.2692307692307692,0.6346153846153846,0,0
S3T12,2004,Middle Tampa Bay,1,0.6071428571428571,0,0.6071428571428571,0,0,0
S3T13,2004,Middle Tampa Bay,1,0.5625,0.025,0.55,0,0.025,0
S3T2,2004,Middle Tampa Bay,1,0.546875,0.03125,0.515625,0,0,0
S3T3,2004,Middle Tampa Bay,1,0.6666666666666666,0.3888888888888889,0.4166666666666667,0.16666666666666666,0,0
S3T4,2004,Middle Tampa Bay,1,0.8,0.48,0.68,0,0,0
S3T5,2004,Middle Tampa Bay,1,0.660377358490566,0.24528301886792453,0.3018867924528302,0.20754716981132076,0,0
S3T6,2004,Middle Tampa Bay,1,0.5853658536585366,0.024390243902439025,0.3902439024390244,0.17073170731707318,0,0
S3T7,2004,Middle Tampa Bay,1,0.7073170731707317,0.2682926829268293,0.2682926829268293,0.4146341463414634,0,0
S3T8,2004,Middle Tampa Bay,1,0.38181818181818183,0.10909090909090909,0.23636363636363636,0.10909090909090909,0,0
S3T9,2004,Middle Tampa Bay,1,0.32432432432432434,0,0.32432432432432434,0,0,0
S4T1,2004,Lower Tampa Bay,1,0.25,0.16666666666666666,0.2222222222222222,0,0,0
S4T10,2004,Lower Tampa Bay,1,0.6052631578947368,0.3684210526315789,0.34210526315789475,0.02631578947368421,0,0
S4T11,2004,Lower Tampa Bay,1,0.875,0.75,0.25,0.08333333333333333,0,0
S4T12,2004,Lower Tampa Bay,1,0.5882352941176471,0.17647058823529413,0.23529411764705882,0.29411764705882354,0,0
S4T13,2004,Lower Tampa Bay,1,0.875,0.5,0.25,0.5,0,0
S4T14,2004,Lower Tampa Bay,1,0.8181818181818182,0.2727272727272727,0.7272727272727273,0.18181818181818182,0,0
S4T15,2004,Lower Tampa Bay,1,0.7333333333333333,0.4666666666666667,0.3333333333333333,0,0,0
S4T2,2004,Lower Tampa Bay,1,0.37209302325581395,0.2558139534883721,0.11627906976744186,0,0,0
S4T3,2004,Lower Tampa Bay,1,0.6428571428571429,0.42857142857142855,0.42857142857142855,0.07142857142857142,0,0
S4T4,2004,Lower Tampa Bay,1,0.42424242424242425,0.4090909090909091,0.015151515151515152,0.045454545454545456,0,0
S4T5,2004,Lower Tampa Bay,1,0.7903225806451613,0.7096774193548387,0.46774193548387094,0.22580645161290322,0,0
S4T6,2004,Lower Tampa Bay,1,0.8333333333333334,0.7083333333333334,0.2708333333333333,0.22916666666666666,0,0
S4T7,2004,Lower Tampa Bay,1,0.5,0.375,0.5,0,0,0
S4T8,2004,Lower Tampa Bay,1,0.5,0,0.2777777777777778,0,0,0.2777777777777778
S4T9,2004,Lower Tampa Bay,1,0.75,0.375,0.375,0,0.375,0
S5T1,2004,Boca Ciega Bay,1,0.5555555555555556,0,0.5555555555555556,0,0,0
S5T10,2004,Boca Ciega Bay,1,0.9285714285714286,0.7142857142857143,0.9285714285714286,0,0,0
S5T11,2004,Boca Ciega Bay,1,0.7222222222222222,0,0.7222222222222222,0,0,0
S5T2,2004,Boca Ciega Bay,1,0.8666666666666667,0.3333333333333333,0.6,0,0,0
S5T3,2004,Boca Ciega Bay,1,0.8888888888888888,0,0.8888888888888888,0,0,0
S5T4,2004,Boca Ciega Bay,1,1,0,1,0,0,0
S5T5,2004,Boca Ciega Bay,1,1,0,1,0,0,0
S5T6,2004,Boca Ciega Bay,1,0.8,0.2,0.7333333333333333,0,0,0
S5T7,2004,Boca Ciega Bay,1,0.9523809523809523,0.9523809523809523,0.23809523809523808,0,0,0
S5T8,2004,Boca Ciega Bay,1,1,0.6,0.4,0.8,0,0
S5T9,2004,Boca Ciega Bay,1,1,0.9583333333333334,0.3333333333333333,0,0,0
S1T1,2005,Old Tampa Bay,1,0.8813559322033898,0,0.7796610169491526,0.05084745762711865,0,0.0847457627118644
S1T13,2005,Old Tampa Bay,1,0.7471264367816092,0,0.735632183908046,0,0.022988505747126436,0
S1T14,2005,Old Tampa Bay,1,0.7894736842105263,0.24561403508771928,0.40350877192982454,0.38596491228070173,0,0
S1T15,2005,Old Tampa Bay,1,0.9636363636363636,0.4,0.6454545454545455,0.2636363636363636,0,0
S1T16,2005,Old Tampa Bay,1,0.7857142857142857,0.15714285714285714,0.2571428571428571,0.18571428571428572,0.3142857142857143,0
S1T17,2005,Old Tampa Bay,1,0.4406779661016949,0,0.3389830508474576,0.1016949152542373,0.03389830508474576,0
S1T3,2005,Old Tampa Bay,1,0.9375,0,0.4791666666666667,0,0,0.5208333333333334
S1T4,2005,Old Tampa Bay,1,0.5616438356164384,0.0136986301369863,0.5342465753424658,0,0,0.0136986301369863
S1T5,2005,Old Tampa Bay,1,0.9333333333333333,0.3,0.43333333333333335,0.16666666666666666,0.26666666666666666,0
S1T6,2005,Old Tampa Bay,1,0.9166666666666666,0.4523809523809524,0.5833333333333334,0.17857142857142858,0,0
S1T8,2005,Old Tampa Bay,1,0.59375,0.09375,0.125,0.4375,0,0
S1T9,2005,Old Tampa Bay,1,0.7868852459016393,0.11475409836065574,0.5573770491803278,0.32786885245901637,0,0
S2T10,2005,Hillsborough Bay,1,0.21428571428571427,0,0.21428571428571427,0,0,0
S2T111,2005,Hillsborough Bay,1,0.16129032258064516,0,0.16129032258064516,0,0,0
S2T112,2005,Hillsborough Bay,1,0,0,0,0,0,0
S2T12,2005,Middle Tampa Bay,1,0.34,0,0.3,0,0.04,0
S2T2,2005,Hillsborough Bay,1,0.5147058823529411,0,0.47058823529411764,0,0.11764705882352941,0
S2T3,2005,Hillsborough Bay,1,0.3148148148148148,0,0.3148148148148148,0,0,0
S2T4,2005,Hillsborough Bay,1,0,0,0,0,0,0
S2T5,2005,Hillsborough Bay,1,0.2682926829268293,0,0.24390243902439024,0,0.024390243902439025,0
S2T6,2005,Hillsborough Bay,1,0.35,0,0,0,0.35,0
S2T8,2005,Hillsborough Bay,1,0,0,0,0,0,0
S2T9,2005,Hillsborough Bay,1,0.32142857142857145,0,0.32142857142857145,0,0,0
S3T1,2005,Middle Tampa Bay,1,0.5569620253164557,0.06329113924050633,0.26582278481012656,0.31645569620253167,0,0
S3T10,2005,Old Tampa Bay,1,0.7746478873239436,0.18309859154929578,0.5915492957746479,0,0.19718309859154928,0
S3T11,2005,Middle Tampa Bay,1,0.7846153846153846,0.26153846153846155,0.23076923076923078,0.49230769230769234,0.015384615384615385,0
S3T12,2005,Middle Tampa Bay,1,0.82,0,0.8,0,0.02,0
S3T13,2005,Middle Tampa Bay,1,0.5909090909090909,0.03409090909090909,0.5340909090909091,0,0.06818181818181818,0
S3T2,2005,Middle Tampa Bay,1,0.7837837837837838,0.0945945945945946,0.6891891891891891,0,0.04054054054054054,0
S3T3,2005,Middle Tampa Bay,1,0.6486486486486487,0.2972972972972973,0.43243243243243246,0.10810810810810811,0,0
S3T4,2005,Middle Tampa Bay,1,0.72,0.24,0.64,0,0,0
S3T5,2005,Middle Tampa Bay,1,0.7547169811320755,0.3584905660377358,0.32075471698113206,0.18867924528301888,0,0
S3T6,2005,Middle Tampa Bay,1,0.5405405405405406,0.02702702702702703,0.3783783783783784,0.1891891891891892,0,0
S3T7,2005,Middle Tampa Bay,1,0.7796610169491526,0.3559322033898305,0.2542372881355932,0.576271186440678,0,0
S3T8,2005,Middle Tampa Bay,1,0.4426229508196721,0.14754098360655737,0.2786885245901639,0.09836065573770492,0.03278688524590164,0
S3T9,2005,Middle Tampa Bay,1,0.1891891891891892,0,0.1891891891891892,0,0,0
S4T1,2005,Lower Tampa Bay,1,0.3888888888888889,0.3611111111111111,0.1111111111111111,0,0,0
S4T10,2005,Lower Tampa Bay,1,0.7741935483870968,0.5483870967741935,0.3225806451612903,0.06451612903225806,0,0
S4T11,2005,Lower Tampa Bay,1,0.8571428571428571,0.6666666666666666,0.47619047619047616,0.09523809523809523,0,0
S4T12,2005,Lower Tampa Bay,1,0.7407407407407407,0.18518518518518517,0.4074074074074074,0.2962962962962963,0,0
S4T13,2005,Lower Tampa Bay,1,0.7692307692307693,0.5384615384615384,0.23076923076923078,0.38461538461538464,0,0
S4T14,2005,Lower Tampa Bay,1,0.7272727272727273,0.45454545454545453,0.3181818181818182,0.2727272727272727,0,0
S4T15,2005,Lower Tampa Bay,1,0.75,0.3333333333333333,0.4583333333333333,0,0,0
S4T2,2005,Lower Tampa Bay,1,0.3333333333333333,0.23809523809523808,0.09523809523809523,0,0,0
S4T3,2005,Lower Tampa Bay,1,0.6428571428571429,0.5,0.2857142857142857,0.07142857142857142,0,0
S4T4,2005,Lower Tampa Bay,1,0.5740740740740741,0.5555555555555556,0.037037037037037035,0.037037037037037035,0,0
S4T5,2005,Lower Tampa Bay,1,0.9019607843137255,0.8627450980392157,0.5294117647058824,0.19607843137254902,0,0
S4T6,2005,Lower Tampa Bay,1,0.875,0.775,0.125,0.375,0,0
S4T7,2005,Lower Tampa Bay,1,0.6666666666666666,0.6666666666666666,0.2222222222222222,0.3333333333333333,0,0
S4T8,2005,Lower Tampa Bay,1,0.10526315789473684,0,0.10526315789473684,0,0,0
S4T9,2005,Lower Tampa Bay,1,0.5,0.5,0.5,0,0,0
S5T1,2005,Boca Ciega Bay,1,0.84,0,0.84,0,0,0
S5T10,2005,Boca Ciega Bay,1,0.9090909090909091,0.7272727272727273,0.9090909090909091,0,0,0
S5T11,2005,Boca Ciega Bay,1,0.8,0,0.8,0,0,0
S5T2,2005,Boca Ciega Bay,1,0.9047619047619048,0.2857142857142857,0.7619047619047619,0,0,0
S5T3,2005,Boca Ciega Bay,1,0.8571428571428571,0,0.8571428571428571,0,0,0
S5T4,2005,Boca Ciega Bay,1,0.8571428571428571,0,0.8571428571428571,0,0,0
S5T5,2005,Boca Ciega Bay,1,1,0,1,0,0,0
S5T6,2005,Boca Ciega Bay,1,0.9285714285714286,0.2857142857142857,0.8571428571428571,0,0,0
S5T7,2005,Boca Ciega Bay,1,0.9444444444444444,0.9444444444444444,0.3888888888888889,0,0,0
S5T8,2005,Boca Ciega Bay,1,0.9333333333333333,0.4666666666666667,0.13333333333333333,0.7333333333333333,0,0
S5T9,2005,Boca Ciega Bay,1,0.9565217391304348,0.8695652173913043,0.34782608695652173,0,0,0
S1T1,2006,Old Tampa Bay,1,0.5869565217391305,0.043478260869565216,0.4782608695652174,0,0,0.06521739130434782
S1T13,2006,Old Tampa Bay,1,0.7777777777777778,0,0.7777777777777778,0,0,0
S1T14,2006,Old Tampa Bay,1,0.92,0.32,0.36,0.4,0,0
S1T15,2006,Old Tampa Bay,1,0.9166666666666666,0.43333333333333335,0.6166666666666667,0.4,0,0
S1T16,2006,Old Tampa Bay,1,0.8222222222222222,0.15555555555555556,0.5111111111111111,0.15555555555555556,0.1111111111111111,0
S1T17,2006,Old Tampa Bay,1,0.4251968503937008,0,0.28346456692913385,0.13385826771653545,0.047244094488188976,0
S1T3,2006,Old Tampa Bay,1,0.35714285714285715,0,0.35714285714285715,0,0,0
S1T4,2006,Old Tampa Bay,1,0.5147058823529411,0,0.5147058823529411,0,0,0
S1T5,2006,Old Tampa Bay,1,0.9166666666666666,0.3055555555555556,0.5,0.1388888888888889,0.2777777777777778,0
S1T6,2006,Old Tampa Bay,1,0.7906976744186046,0.4418604651162791,0.46511627906976744,0.11627906976744186,0,0
S1T8,2006,Old Tampa Bay,1,0.8,0.55,0.25,0.65,0,0
S1T9,2006,Old Tampa Bay,1,0.796875,0.15625,0.578125,0.3125,0,0
S2T10,2006,Hillsborough Bay,1,0.4482758620689655,0,0.4482758620689655,0,0,0
S2T111,2006,Hillsborough Bay,1,0.18181818181818182,0,0.18181818181818182,0,0,0
S2T112,2006,Hillsborough Bay,1,0,0,0,0,0,0
S2T12,2006,Middle Tampa Bay,1,0.2708333333333333,0,0.25,0,0.041666666666666664,0
S2T2,2006,Hillsborough Bay,1,0.5616438356164384,0,0.547945205479452,0,0.0273972602739726,0
S2T3,2006,Hillsborough Bay,1,0.37254901960784315,0,0.37254901960784315,0,0,0
S2T4,2006,Hillsborough Bay,1,0,0,0,0,0,0
S2T5,2006,Hillsborough Bay,1,0.2926829268292683,0,0.2926829268292683,0,0,0
S2T6,2006,Hillsborough Bay,1,0.22727272727272727,0,0,0,0.22727272727272727,0
S2T8,2006,Hillsborough Bay,1,0,0,0,0,0,0
S2T9,2006,Hillsborough Bay,1,0.3076923076923077,0,0.3076923076923077,0,0,0
S3T1,2006,Middle Tampa Bay,1,0.5853658536585366,0.036585365853658534,0.34146341463414637,0.3048780487804878,0,0
S3T10,2006,Old Tampa Bay,1,0.6037735849056604,0.20754716981132076,0.46226415094339623,0.009433962264150943,0,0
S3T11,2006,Middle Tampa Bay,1,0.9464285714285714,0.26785714285714285,0.16964285714285715,0.6785714285714286,0,0
S3T12,2006,Middle Tampa Bay,1,0.803921568627451,0,0.7843137254901961,0,0.0196078431372549,0
S3T13,2006,Middle Tampa Bay,1,0.5789473684210527,0.06578947368421052,0.5263157894736842,0,0.05263157894736842,0
S3T2,2006,Middle Tampa Bay,1,0.7068965517241379,0,0.6896551724137931,0,0.20689655172413793,0
S3T3,2006,Middle Tampa Bay,1,0.6451612903225806,0.22580645161290322,0.3870967741935484,0.12903225806451613,0,0
S3T4,2006,Middle Tampa Bay,1,0.8125,0.1875,0.6875,0,0,0
S3T5,2006,Middle Tampa Bay,1,0.8541666666666666,0.3541666666666667,0.4166666666666667,0.20833333333333334,0,0
S3T6,2006,Middle Tampa Bay,1,0.6,0.12,0.32,0.16,0,0
S3T7,2006,Middle Tampa Bay,1,0.7407407407407407,0.3888888888888889,0.2777777777777778,0.5,0.018518518518518517,0
S3T8,2006,Middle Tampa Bay,1,0.5660377358490566,0.20754716981132076,0.37735849056603776,0.1320754716981132,0,0
S3T9,2006,Middle Tampa Bay,1,0.2631578947368421,0,0.2631578947368421,0,0,0
S4T1,2006,Lower Tampa Bay,1,0.35135135135135137,0.2972972972972973,0.10810810810810811,0.02702702702702703,0,0
S4T10,2006,Lower Tampa Bay,1,0.7575757575757576,0.5151515151515151,0.3939393939393939,0.06060606060606061,0,0
S4T11,2006,Lower Tampa Bay,1,0.8181818181818182,0.6818181818181818,0.3181818181818182,0,0,0
S4T12,2006,Lower Tampa Bay,1,0.5,0.21428571428571427,0.21428571428571427,0.2857142857142857,0,0
S4T13,2006,Lower Tampa Bay,1,1,0.625,0.375,0.5,0,0
S4T14,2006,Lower Tampa Bay,1,0.7777777777777778,0.5,0.3333333333333333,0.05555555555555555,0,0
S4T15,2006,Lower Tampa Bay,1,0.8421052631578947,0.3684210526315789,0.5789473684210527,0,0,0
S4T2,2006,Lower Tampa Bay,1,0.6129032258064516,0.3870967741935484,0.25806451612903225,0,0,0
S4T3,2006,Lower Tampa Bay,1,0.5882352941176471,0.4117647058823529,0.29411764705882354,0.11764705882352941,0,0
S4T4,2006,Lower Tampa Bay,1,0.6363636363636364,0.5909090909090909,0.045454545454545456,0.09090909090909091,0,0
S4T5,2006,Lower Tampa Bay,1,0.8888888888888888,0.8055555555555556,0.4444444444444444,0.3055555555555556,0,0
S4T6,2006,Lower Tampa Bay,1,0.782608695652174,0.7391304347826086,0.13043478260869565,0.34782608695652173,0,0
S4T7,2006,Lower Tampa Bay,1,0.6923076923076923,0.38461538461538464,0.6923076923076923,0,0,0
S4T8,2006,Lower Tampa Bay,1,0.35,0,0.25,0,0,0.1
S4T9,2006,Lower Tampa Bay,1,0.42857142857142855,0.2857142857142857,0.42857142857142855,0,0,0
S5T10,2006,Boca Ciega Bay,1,0.8333333333333334,0.75,0.8333333333333334,0,0,0
S5T2,2006,Boca Ciega Bay,1,0.85,0.25,0.75,0,0,0
S5T4,2006,Boca Ciega Bay,1,0.625,0,0.625,0,0,0
S5T5,2006,Boca Ciega Bay,1,0.75,0,0.75,0,0,0
S5T6,2006,Boca Ciega Bay,1,0.7777777777777778,0.2777777777777778,0.7222222222222222,0,0,0
S5T7,2006,Boca Ciega Bay,1,0.9545454545454546,0.9545454545454546,0.18181818181818182,0,0,0
S5T8,2006,Boca Ciega Bay,1,0.9411764705882353,0.29411764705882354,0.23529411764705882,0.8235294117647058,0,0
S5T9,2006,Boca Ciega Bay,1,0.9583333333333334,0.8333333333333334,0.25,0,0,0
S1T1,2007,Old Tampa Bay,1,0.6129032258064516,0.03225806451612903,0.5483870967741935,0.06451612903225806,0,0
S1T13,2007,Old Tampa Bay,1,0.4782608695652174,0,0.4782608695652174,0,0,0
S1T14,2007,Old Tampa Bay,1,0.9565217391304348,0.32608695652173914,0.391304347826087,0.391304347826087,0,0
S1T15,2007,Old Tampa Bay,1,0.9,0.5,0.6333333333333333,0.43333333333333335,0,0
S1T16,2007,Old Tampa Bay,1,0.88,0.22,0.52,0.16,0.08,0
S1T17,2007,Old Tampa Bay,1,0.4180327868852459,0.01639344262295082,0.27049180327868855,0.09836065573770492,0,0.04918032786885246
S1T18,2007,Old Tampa Bay,1,0.8490566037735849,0.03773584905660377,0.7169811320754716,0.11320754716981132,0,0
S1T3,2007,Old Tampa Bay,1,0.375,0,0.375,0,0,0
S1T5,2007,Old Tampa Bay,1,0.8787878787878788,0.36363636363636365,0.5151515151515151,0.12121212121212122,0.12121212121212122,0
S1T6,2007,Old Tampa Bay,1,0.9482758620689655,0.43103448275862066,0.5,0.1724137931034483,0,0
S1T8,2007,Old Tampa Bay,1,0.7692307692307693,0.07692307692307693,0.15384615384615385,0.6153846153846154,0,0
S1T9,2007,Old Tampa Bay,1,0.7586206896551724,0.034482758620689655,0.6206896551724138,0.10344827586206896,0,0
S2T10,2007,Hillsborough Bay,1,0.5625,0,0.5625,0,0,0
S2T111,2007,Hillsborough Bay,1,0.34210526315789475,0,0.34210526315789475,0,0,0
S2T112,2007,Hillsborough Bay,1,0.3103448275862069,0,0.3103448275862069,0,0,0
S2T12,2007,Middle Tampa Bay,1,0.21428571428571427,0,0.21428571428571427,0,0,0
S2T2,2007,Hillsborough Bay,1,0.5060240963855421,0,0.46987951807228917,0,0.060240963855421686,0
S2T3,2007,Hillsborough Bay,1,0.3125,0,0.3125,0,0,0
S2T4,2007,Hillsborough Bay,1,0,0,0,0,0,0
S2T5,2007,Hillsborough Bay,1,0.3,0,0.275,0,0.05,0
S2T6,2007,Hillsborough Bay,1,0,0,0,0,0,0
S2T8,2007,Hillsborough Bay,1,0,0,0,0,0,0
S2T9,2007,Hillsborough Bay,1,0.4074074074074074,0,0.4074074074074074,0,0,0
S3T1,2007,Middle Tampa Bay,1,0.581081081081081,0.02702702702702703,0.35135135135135137,0.32432432432432434,0,0
S3T10,2007,Old Tampa Bay,1,0.5230769230769231,0.24615384615384617,0.38461538461538464,0.03076923076923077,0,0
S3T11,2007,Middle Tampa Bay,1,0.9504950495049505,0.2871287128712871,0.18811881188118812,0.7128712871287128,0,0
S3T12,2007,Middle Tampa Bay,1,0.7254901960784313,0,0.7254901960784313,0,0,0
S3T13,2007,Middle Tampa Bay,1,0.6527777777777778,0.041666666666666664,0.5972222222222222,0,0.027777777777777776,0
S3T2,2007,Middle Tampa Bay,1,0.8076923076923077,0.11538461538461539,0.75,0,0.019230769230769232,0
S3T3,2007,Middle Tampa Bay,1,0.8292682926829268,0.2682926829268293,0.4146341463414634,0.1951219512195122,0,0
S3T4,2007,Middle Tampa Bay,1,0.7857142857142857,0.35714285714285715,0.6071428571428571,0,0,0
S3T5,2007,Middle Tampa Bay,1,0.7903225806451613,0.3870967741935484,0.3064516129032258,0.20967741935483872,0,0
S3T6,2007,Middle Tampa Bay,1,0.5952380952380952,0.14285714285714285,0.23809523809523808,0.21428571428571427,0,0
S3T7,2007,Middle Tampa Bay,1,0.7586206896551724,0.3448275862068966,0.13793103448275862,0.6551724137931034,0,0
S3T8,2007,Middle Tampa Bay,1,0.325,0.125,0.2,0.1,0,0
S3T9,2007,Middle Tampa Bay,1,0.6,0,0.6,0,0,0
S4T1,2007,Lower Tampa Bay,1,0.22857142857142856,0.22857142857142856,0.05714285714285714,0,0,0
S4T10,2007,Lower Tampa Bay,1,0.6428571428571429,0.4642857142857143,0.2857142857142857,0.10714285714285714,0,0
S4T11,2007,Lower Tampa Bay,1,0.8571428571428571,0.7142857142857143,0.3333333333333333,0,0,0
S4T12,2007,Lower Tampa Bay,1,0.4166666666666667,0.25,0.16666666666666666,0.25,0,0
S4T13,2007,Lower Tampa Bay,1,1,0.625,0.375,0.5,0,0
S4T14,2007,Lower Tampa Bay,1,0.9285714285714286,0.35714285714285715,0.5714285714285714,0.2857142857142857,0,0
S4T15,2007,Lower Tampa Bay,1,0.7619047619047619,0.42857142857142855,0.3333333333333333,0,0,0
S4T2,2007,Lower Tampa Bay,1,0.3170731707317073,0.2926829268292683,0.0975609756097561,0,0,0
S4T3,2007,Lower Tampa Bay,1,0.42857142857142855,0.2857142857142857,0.19047619047619047,0.09523809523809523,0,0
S4T4,2007,Lower Tampa Bay,1,0.5945945945945946,0.4594594594594595,0.13513513513513514,0.05405405405405406,0,0
S4T5,2007,Lower Tampa Bay,1,0.9,0.8666666666666667,0.3333333333333333,0.4666666666666667,0,0
S4T6,2007,Lower Tampa Bay,1,0.8518518518518519,0.7407407407407407,0.37037037037037035,0.07407407407407407,0,0
S4T7,2007,Lower Tampa Bay,1,0.625,0.3125,0.625,0,0,0
S4T8,2007,Lower Tampa Bay,1,0.34615384615384615,0,0.2692307692307692,0,0,0.07692307692307693
S4T9,2007,Lower Tampa Bay,1,0.5,0.3333333333333333,0.5,0,0,0
S5T1,2007,Boca Ciega Bay,1,0.7916666666666666,0,0.7916666666666666,0,0,0
S5T10,2007,Boca Ciega Bay,1,0.9375,0.875,0.9375,0,0,0
S5T11,2007,Boca Ciega Bay,1,0.9333333333333333,0,0.9333333333333333,0,0,0
S5T3,2007,Boca Ciega Bay,1,1,0,1,0,0,0
S5T5,2007,Boca Ciega Bay,1,0.8888888888888888,0,0.8888888888888888,0,0,0
S5T7,2007,Boca Ciega Bay,1,0.9130434782608695,0.9130434782608695,0.21739130434782608,0,0,0
S5T9,2007,Boca Ciega Bay,1,0.9583333333333334,0.9166666666666666,0.25,0,0,0
S1T1,2008,Old Tampa Bay,1,0.6944444444444444,0.027777777777777776,0.6388888888888888,0.05555555555555555,0,0
S1T13,2008,Old Tampa Bay,1,0.609375,0,0.609375,0,0,0
S1T14,2008,Old Tampa Bay,1,0.9696969696969697,0.4090909090909091,0.4393939393939394,0.3939393939393939,0,0
S1T15,2008,Old Tampa Bay,1,0.8913043478260869,0.2826086956521739,0.45652173913043476,0.2826086956521739,0,0
S1T16,2008,Old Tampa Bay,1,0.875,0.1875,0.5416666666666666,0.20833333333333334,0.0625,0
S1T17,2008,Old Tampa Bay,1,0.4,0,0.35454545454545455,0.06363636363636363,0,0
S1T18,2008,Old Tampa Bay,1,0.813953488372093,0.046511627906976744,0.6511627906976745,0.11627906976744186,0,0
S1T3,2008,Old Tampa Bay,1,0.047619047619047616,0,0.047619047619047616,0,0,0
S1T5,2008,Old Tampa Bay,1,0.7948717948717948,0.358974358974359,0.46153846153846156,0.10256410256410256,0.02564102564102564,0
S1T6,2008,Old Tampa Bay,1,0.9636363636363636,0.6181818181818182,0.5818181818181818,0.23636363636363636,0,0
S1T8,2008,Old Tampa Bay,1,0.5416666666666666,0.20833333333333334,0.041666666666666664,0.4166666666666667,0,0
S1T9,2008,Old Tampa Bay,1,0.8923076923076924,0.12307692307692308,0.4461538461538462,0.38461538461538464,0,0
S2T10,2008,Hillsborough Bay,1,0.5357142857142857,0,0.5357142857142857,0,0,0
S2T111,2008,Hillsborough Bay,1,0.5428571428571428,0,0.5142857142857142,0,0.02857142857142857,0
S2T112,2008,Hillsborough Bay,1,0.525,0,0.525,0,0,0
S2T12,2008,Middle Tampa Bay,1,0.56,0,0.56,0,0,0
S2T2,2008,Hillsborough Bay,1,0.48484848484848486,0,0.48484848484848486,0,0,0
S2T3,2008,Hillsborough Bay,1,0.2127659574468085,0,0.2127659574468085,0,0,0
S2T4,2008,Hillsborough Bay,1,0,0,0,0,0,0
S2T5,2008,Hillsborough Bay,1,0.30952380952380953,0,0.2857142857142857,0,0.023809523809523808,0
S2T6,2008,Hillsborough Bay,1,0,0,0,0,0,0
S2T8,2008,Hillsborough Bay,1,0,0,0,0,0,0
S2T9,2008,Hillsborough Bay,1,0.37037037037037035,0,0.37037037037037035,0,0,0
S3T1,2008,Middle Tampa Bay,1,0.5074626865671642,0.1044776119402985,0.14925373134328357,0.3880597014925373,0,0
S3T10,2008,Old Tampa Bay,1,0.5616438356164384,0.2191780821917808,0.3150684931506849,0.0410958904109589,0,0
S3T11,2008,Middle Tampa Bay,1,0.9152542372881356,0.2542372881355932,0.22033898305084745,0.6101694915254238,0,0
S3T12,2008,Middle Tampa Bay,1,0.82,0,0.82,0,0,0
S3T13,2008,Middle Tampa Bay,1,0.8591549295774648,0.08450704225352113,0.7746478873239436,0,0,0
S3T2,2008,Middle Tampa Bay,1,0.8125,0.0625,0.75,0,0,0
S3T3,2008,Middle Tampa Bay,1,0.8181818181818182,0.3181818181818182,0.45454545454545453,0.22727272727272727,0,0
S3T4,2008,Middle Tampa Bay,1,0.8620689655172413,0.4827586206896552,0.6206896551724138,0,0,0
S3T5,2008,Middle Tampa Bay,1,0.8,0.3076923076923077,0.3384615384615385,0.26153846153846155,0,0
S3T6,2008,Middle Tampa Bay,1,0.5641025641025641,0.10256410256410256,0.2564102564102564,0.23076923076923078,0,0
S3T7,2008,Middle Tampa Bay,1,0.66,0.4,0.26,0.3,0,0
S3T8,2008,Middle Tampa Bay,1,0.3181818181818182,0.13636363636363635,0.1590909090909091,0.09090909090909091,0,0
S3T9,2008,Middle Tampa Bay,1,0.25806451612903225,0,0.22580645161290322,0,0.03225806451612903,0
S4T1,2008,Lower Tampa Bay,1,0.2571428571428571,0.2571428571428571,0.05714285714285714,0,0,0
S4T10,2008,Lower Tampa Bay,1,0.7142857142857143,0.5357142857142857,0.35714285714285715,0.14285714285714285,0,0
S4T11,2008,Lower Tampa Bay,1,0.8571428571428571,0.7142857142857143,0.42857142857142855,0,0,0
S4T12,2008,Lower Tampa Bay,1,0.45454545454545453,0.09090909090909091,0.18181818181818182,0.2727272727272727,0,0
S4T13,2008,Lower Tampa Bay,1,1,0.5555555555555556,0.4444444444444444,0.5555555555555556,0,0
S4T14,2008,Lower Tampa Bay,1,1,0.25,0.5,0.25,0,0
S4T15,2008,Lower Tampa Bay,1,1,0.5555555555555556,0.5555555555555556,0,0,0
S4T2,2008,Lower Tampa Bay,1,0.28888888888888886,0.26666666666666666,0.06666666666666667,0,0,0
S4T3,2008,Lower Tampa Bay,1,0.47619047619047616,0.2857142857142857,0.23809523809523808,0.14285714285714285,0,0
S4T4,2008,Lower Tampa Bay,1,0.5,0.43333333333333335,0.1,0.06666666666666667,0,0
S4T5,2008,Lower Tampa Bay,1,0.9,0.8,0.43333333333333335,0.43333333333333335,0,0
S4T6,2008,Lower Tampa Bay,1,0.8518518518518519,0.7407407407407407,0.4074074074074074,0.14814814814814814,0,0
S4T7,2008,Lower Tampa Bay,1,0.625,0.3125,0.625,0,0,0
S4T8,2008,Lower Tampa Bay,1,0.38461538461538464,0,0.23076923076923078,0,0,0.15384615384615385
S4T9,2008,Lower Tampa Bay,1,0.5714285714285714,0.5714285714285714,0.42857142857142855,0,0,0
S5T10,2008,Boca Ciega Bay,1,0.8888888888888888,0.7222222222222222,0.7777777777777778,0,0,0
S5T2,2008,Boca Ciega Bay,1,0.8571428571428571,0.3333333333333333,0.6666666666666666,0,0,0
S5T4,2008,Boca Ciega Bay,1,0.7142857142857143,0,0.7142857142857143,0,0,0
S5T6,2008,Boca Ciega Bay,1,0.9230769230769231,0.38461538461538464,0.6923076923076923,0,0,0
S5T7,2008,Boca Ciega Bay,1,1,1,0.2,0,0,0
S5T8,2008,Boca Ciega Bay,1,0.9285714285714286,0.42857142857142855,0.21428571428571427,0.7142857142857143,0,0
S5T9,2008,Boca Ciega Bay,1,1,1,0.2727272727272727,0,0,0
S1T1,2009,Old Tampa Bay,1,0.9642857142857143,0.03571428571428571,0.9285714285714286,0.07142857142857142,0,0.03571428571428571
S1T13,2009,Old Tampa Bay,1,0.6,0,0.6,0,0,0
S1T14,2009,Old Tampa Bay,1,1,0.34146341463414637,0.43902439024390244,0.43902439024390244,0,0
S1T15,2009,Old Tampa Bay,1,0.8857142857142857,0.34285714285714286,0.45714285714285713,0.2571428571428571,0,0
S1T16,2009,Old Tampa Bay,1,0.8936170212765957,0.2765957446808511,0.574468085106383,0.14893617021276595,0.02127659574468085,0
S1T17,2009,Old Tampa Bay,1,0.5263157894736842,0,0.47368421052631576,0.05263157894736842,0,0
S1T18,2009,Old Tampa Bay,1,0.8541666666666666,0,0.6458333333333334,0.20833333333333334,0,0
S1T3,2009,Old Tampa Bay,1,0.36363636363636365,0,0.36363636363636365,0,0,0
S1T5,2009,Old Tampa Bay,1,0.7777777777777778,0.25,0.4166666666666667,0.16666666666666666,0.05555555555555555,0
S1T6,2009,Old Tampa Bay,1,1,0.9285714285714286,0.8214285714285714,0.25,0,0
S1T8,2009,Old Tampa Bay,1,0.8947368421052632,0.6842105263157895,0.2631578947368421,0.631578947368421,0,0
S1T9,2009,Old Tampa Bay,1,0.926829268292683,0.12195121951219512,0.5853658536585366,0.3902439024390244,0,0
S2T10,2009,Hillsborough Bay,1,0.6923076923076923,0,0.6923076923076923,0,0,0
S2T111,2009,Hillsborough Bay,1,0.40476190476190477,0,0.40476190476190477,0,0,0
S2T112,2009,Hillsborough Bay,1,0.47058823529411764,0,0.47058823529411764,0,0,0
S2T12,2009,Middle Tampa Bay,1,0.75,0,0.75,0,0,0
S2T2,2009,Hillsborough Bay,1,0.6265060240963856,0,0.6265060240963856,0,0,0
S2T3,2009,Hillsborough Bay,1,0.44,0,0.44,0,0,0
S2T4,2009,Hillsborough Bay,1,0,0,0,0,0,0
S2T5,2009,Hillsborough Bay,1,0.5111111111111111,0,0.5111111111111111,0,0,0
S2T6,2009,Hillsborough Bay,1,0.1111111111111111,0,0.1111111111111111,0,0,0
S2T8,2009,Hillsborough Bay,1,0.16666666666666666,0,0.16666666666666666,0,0,0
S2T9,2009,Hillsborough Bay,1,0.34615384615384615,0,0.34615384615384615,0,0,0
S3T1,2009,Middle Tampa Bay,1,0.6176470588235294,0.11764705882352941,0.2647058823529412,0.4411764705882353,0,0
S3T10,2009,Old Tampa Bay,1,0.6071428571428571,0.25,0.32142857142857145,0.07142857142857142,0,0
S3T11,2009,Middle Tampa Bay,1,0.9,0.275,0.15,0.725,0,0
S3T12,2009,Middle Tampa Bay,1,0.7843137254901961,0,0.7843137254901961,0,0,0
S3T13,2009,Middle Tampa Bay,1,0.9117647058823529,0.11764705882352941,0.7941176470588235,0,0.029411764705882353,0.014705882352941176
S3T2,2009,Middle Tampa Bay,1,0.8478260869565217,0.10869565217391304,0.7391304347826086,0,0,0
S3T3,2009,Middle Tampa Bay,1,0.9,0.3,0.525,0.2,0,0
S3T4,2009,Middle Tampa Bay,1,0.9047619047619048,0.42857142857142855,0.8095238095238095,0,0,0
S3T5,2009,Middle Tampa Bay,1,0.7903225806451613,0.3387096774193548,0.3387096774193548,0.25806451612903225,0,0
S3T6,2009,Middle Tampa Bay,1,0.7419354838709677,0.06451612903225806,0.41935483870967744,0.2903225806451613,0,0
S3T7,2009,Middle Tampa Bay,1,0.875,0.375,0.125,0.8125,0,0
S3T8,2009,Middle Tampa Bay,1,0.475,0.2,0.325,0.075,0,0
S3T9,2009,Middle Tampa Bay,1,0.5277777777777778,0,0.4444444444444444,0,0,0.08333333333333333
S4T1,2009,Lower Tampa Bay,1,0.5428571428571428,0.5142857142857142,0.17142857142857143,0.02857142857142857,0,0
S4T10,2009,Lower Tampa Bay,1,0.7142857142857143,0.5357142857142857,0.32142857142857145,0.14285714285714285,0,0
S4T11,2009,Lower Tampa Bay,1,0.8571428571428571,0.7142857142857143,0.2857142857142857,0,0,0
S4T12,2009,Lower Tampa Bay,1,0.5,0.15,0.2,0.2,0,0
S4T13,2009,Lower Tampa Bay,1,1,0.6666666666666666,0.5,0,0,0
S4T15,2009,Lower Tampa Bay,1,1,0.5555555555555556,0.4444444444444444,0,0,0
S4T2,2009,Lower Tampa Bay,1,0.36585365853658536,0.3170731707317073,0.0975609756097561,0,0,0
S4T3,2009,Lower Tampa Bay,1,0.47619047619047616,0.3333333333333333,0.23809523809523808,0.14285714285714285,0,0
S4T4,2009,Lower Tampa Bay,1,0.5666666666666667,0.5,0.13333333333333333,0.03333333333333333,0,0
S4T5,2009,Lower Tampa Bay,1,0.8333333333333334,0.7666666666666667,0.4,0.43333333333333335,0,0
S4T6,2009,Lower Tampa Bay,1,0.8888888888888888,0.8148148148148148,0.4444444444444444,0.14814814814814814,0,0
S4T7,2009,Lower Tampa Bay,1,0.625,0.375,0.625,0,0,0
S4T8,2009,Lower Tampa Bay,1,0.34615384615384615,0.07692307692307693,0.34615384615384615,0,0,0
S4T9,2009,Lower Tampa Bay,1,0.5714285714285714,0.42857142857142855,0.5714285714285714,0,0,0
S5T1,2009,Boca Ciega Bay,1,0.2916666666666667,0,0.2916666666666667,0,0,0
S5T11,2009,Boca Ciega Bay,1,0.75,0.0625,0.75,0,0,0
S5T3,2009,Boca Ciega Bay,1,0.6666666666666666,0,0.6666666666666666,0,0,0
S5T5,2009,Boca Ciega Bay,1,1,0.14285714285714285,1,0,0,0
S5T7,2009,Boca Ciega Bay,1,1,0.9444444444444444,0.3888888888888889,0,0,0
S5T9,2009,Boca Ciega Bay,1,1,0.9166666666666666,0.25,0,0,0
S1T1,2010,Old Tampa Bay,1,0.9523809523809523,0,0.9523809523809523,0.047619047619047616,0,0
S1T13,2010,Old Tampa Bay,1,0.9090909090909091,0,0.9090909090909091,0,0,0
S1T14,2010,Old Tampa Bay,1,1,0.35,0.45,0.425,0,0
S1T15,2010,Old Tampa Bay,1,0.9375,0.34375,0.65625,0.3125,0,0
S1T18,2010,Old Tampa Bay,1,0.9705882352941176,0,0.9117647058823529,0.058823529411764705,0.029411764705882353,0
S1T2,2010,Old Tampa Bay,1,0.9512195121951219,0.024390243902439025,0.926829268292683,0,0,0
S1T3,2010,Old Tampa Bay,1,0.875,0,0.875,0,0,0
S1T5,2010,Old Tampa Bay,1,0.9090909090909091,0.36363636363636365,0.6818181818181818,0.045454545454545456,0,0
S1T6,2010,Old Tampa Bay,1,1,0.9259259259259259,0.8518518518518519,0.2222222222222222,0,0
S1T8,2010,Old Tampa Bay,1,0.6470588235294118,0.17647058823529413,0.23529411764705882,0.35294117647058826,0,0
S2T10,2010,Hillsborough Bay,1,0.8571428571428571,0,0.8571428571428571,0,0,0
S2T111,2010,Hillsborough Bay,1,0.625,0,0.625,0,0,0
S2T112,2010,Hillsborough Bay,1,0.7272727272727273,0,0.7272727272727273,0,0,0
S2T12,2010,Middle Tampa Bay,1,0.9473684210526315,0,0.9473684210526315,0,0,0
S2T2,2010,Hillsborough Bay,1,0.9166666666666666,0,0.9166666666666666,0,0,0
S2T6,2010,Hillsborough Bay,1,0,0,0,0,0,0
S2T8,2010,Hillsborough Bay,1,0,0,0,0,0,0
S2T9,2010,Hillsborough Bay,1,0.3684210526315789,0,0.3684210526315789,0,0,0
S3T1,2010,Middle Tampa Bay,1,0.5952380952380952,0.09523809523809523,0.16666666666666666,0.4523809523809524,0,0
S3T10,2010,Old Tampa Bay,1,0.7333333333333333,0.15555555555555556,0.6444444444444445,0.044444444444444446,0,0
S3T11,2010,Middle Tampa Bay,1,0.925,0.15,0.2,0.7,0,0
S3T12,2010,Middle Tampa Bay,1,0.8695652173913043,0,0.8695652173913043,0,0,0
S3T13,2010,Middle Tampa Bay,1,0.8421052631578947,0.017543859649122806,0.8245614035087719,0,0,0
S3T7,2010,Middle Tampa Bay,1,0.8,0.36,0.16,0.6,0,0
S3T8,2010,Middle Tampa Bay,1,0.13043478260869565,0,0.043478260869565216,0.08695652173913043,0,0
S3T9,2010,Middle Tampa Bay,1,0.8837209302325582,0.11627906976744186,0.5581395348837209,0.37209302325581395,0,0
S4T1,2010,Lower Tampa Bay,1,0.5142857142857142,0.5142857142857142,0.14285714285714285,0,0,0
S4T10,2010,Lower Tampa Bay,1,0.7142857142857143,0.5357142857142857,0.35714285714285715,0.14285714285714285,0,0
S4T11,2010,Lower Tampa Bay,1,0.8571428571428571,0.7142857142857143,0.38095238095238093,0,0,0
S4T12,2010,Lower Tampa Bay,1,0.5263157894736842,0.15789473684210525,0.21052631578947367,0.21052631578947367,0,0
S4T13,2010,Lower Tampa Bay,1,0.7272727272727273,0.45454545454545453,0.18181818181818182,0.45454545454545453,0,0
S4T14,2010,Lower Tampa Bay,1,0.875,0.5,0.4375,0.0625,0,0
S4T15,2010,Lower Tampa Bay,1,0.47368421052631576,0.47368421052631576,0.15789473684210525,0,0,0
S4T2,2010,Lower Tampa Bay,1,0.6153846153846154,0.5,0.11538461538461539,0,0,0
S4T3,2010,Lower Tampa Bay,1,0.47619047619047616,0.3333333333333333,0.2857142857142857,0.14285714285714285,0,0
S4T4,2010,Lower Tampa Bay,1,0.5666666666666667,0.5,0.13333333333333333,0.03333333333333333,0,0
S4T5,2010,Lower Tampa Bay,1,0.8333333333333334,0.7666666666666667,0.3333333333333333,0.5,0,0
S4T6,2010,Lower Tampa Bay,1,0.9259259259259259,0.8888888888888888,0.4444444444444444,0.14814814814814814,0,0
S4T7,2010,Lower Tampa Bay,1,0.625,0.375,0.625,0,0,0
S4T8,2010,Lower Tampa Bay,1,0.34615384615384615,0.11538461538461539,0.34615384615384615,0,0,0
S4T9,2010,Lower Tampa Bay,1,0.5714285714285714,0.5714285714285714,0.5714285714285714,0,0,0
S5T10,2010,Boca Ciega Bay,1,0.9166666666666666,0.75,0.75,0,0,0
S5T2,2010,Boca Ciega Bay,1,0.8571428571428571,0.2857142857142857,0.7142857142857143,0,0,0
S5T4,2010,Boca Ciega Bay,1,0.8571428571428571,0,0.8571428571428571,0,0,0
S5T6,2010,Boca Ciega Bay,1,0.75,0.3125,0.625,0,0,0
S5T8,2010,Boca Ciega Bay,1,0.9473684210526315,0.631578947368421,0.21052631578947367,0.631578947368421,0,0
S1T1,2011,Old Tampa Bay,1,0.9523809523809523,0,0.9523809523809523,0,0,0
S1T13,2011,Old Tampa Bay,1,0.9393939393939394,0,0.9393939393939394,0,0,0
S1T14,2011,Old Tampa Bay,1,0.8,0.26666666666666666,0.23333333333333334,0.36666666666666664,0,0
S1T15,2011,Old Tampa Bay,1,0.9459459459459459,0.2972972972972973,0.6216216216216216,0.32432432432432434,0,0
S1T16,2011,Old Tampa Bay,1,0.9459459459459459,0.21621621621621623,0.5135135135135135,0.21621621621621623,0.16216216216216217,0
S1T17,2011,Old Tampa Bay,1,0.44036697247706424,0,0.3853211009174312,0.06422018348623854,0,0
S1T18,2011,Old Tampa Bay,1,0.975,0.05,0.8,0.15,0.025,0
S1T3,2011,Old Tampa Bay,1,0.5,0,0.5,0,0,0
S1T5,2011,Old Tampa Bay,1,0.96,0.32,0.68,0,0,0
S1T6,2011,Old Tampa Bay,1,1,0.7647058823529411,0.5294117647058824,0.23529411764705882,0,0
S1T8,2011,Old Tampa Bay,1,0.75,0.25,0.3333333333333333,0.4166666666666667,0,0
S1T9,2011,Old Tampa Bay,1,0.8484848484848485,0.09090909090909091,0.36363636363636365,0.48484848484848486,0,0
S2T10,2011,Hillsborough Bay,1,0.8823529411764706,0,0.8823529411764706,0,0,0
S2T111,2011,Hillsborough Bay,1,0.5,0,0.5,0,0,0
S2T112,2011,Hillsborough Bay,1,0.4482758620689655,0,0.4482758620689655,0,0,0
S2T12,2011,Middle Tampa Bay,1,0.5555555555555556,0,0.5555555555555556,0,0,0
S2T2,2011,Hillsborough Bay,1,0.7966101694915254,0,0.7966101694915254,0,0.01694915254237288,0
S2T3,2011,Hillsborough Bay,1,0.3488372093023256,0,0.3488372093023256,0,0,0
S2T4,2011,Hillsborough Bay,1,0.2727272727272727,0,0.2727272727272727,0,0,0
S2T5,2011,Hillsborough Bay,1,0.7575757575757576,0,0.7575757575757576,0,0,0
S2T6,2011,Hillsborough Bay,1,0,0,0,0,0,0
S2T8,2011,Hillsborough Bay,1,0,0,0,0,0,0
S2T9,2011,Hillsborough Bay,1,0.35,0,0.35,0,0,0
S3T1,2011,Middle Tampa Bay,1,0.6744186046511628,0.13953488372093023,0.23255813953488372,0.4883720930232558,0,0
S3T10,2011,Old Tampa Bay,1,0.6170212765957447,0.2127659574468085,0.44680851063829785,0.06382978723404255,0,0
S3T11,2011,Middle Tampa Bay,1,0.9111111111111111,0.17777777777777778,0.15555555555555556,0.8222222222222222,0,0
S3T12,2011,Middle Tampa Bay,1,1,0,1,0,0.125,0
S3T13,2011,Middle Tampa Bay,1,0.9259259259259259,0.037037037037037035,0.9259259259259259,0,0,0
S3T3,2011,Middle Tampa Bay,1,0.75,0.3125,0.125,0.4375,0,0
S3T4,2011,Middle Tampa Bay,1,0.8333333333333334,0.3333333333333333,0.8333333333333334,0,0,0
S3T5,2011,Middle Tampa Bay,1,0.75,0.3333333333333333,0.375,0.375,0,0
S3T6,2011,Middle Tampa Bay,1,0.6,0.3,0.2,0.4,0,0
S3T7,2011,Middle Tampa Bay,1,0.875,0.3333333333333333,0.16666666666666666,0.7916666666666666,0,0
S3T8,2011,Middle Tampa Bay,1,0.3870967741935484,0.22580645161290322,0.25806451612903225,0.0967741935483871,0,0
S3T9,2011,Middle Tampa Bay,1,0.8421052631578947,0,0.8421052631578947,0,0,0
S4T1,2011,Lower Tampa Bay,1,0.42857142857142855,0.42857142857142855,0.17142857142857143,0,0,0
S4T11,2011,Lower Tampa Bay,1,0.8571428571428571,0.5714285714285714,0.23809523809523808,0.19047619047619047,0,0
S4T12,2011,Lower Tampa Bay,1,0.8,0.26666666666666666,0.4,0.4,0,0
S4T13,2011,Lower Tampa Bay,1,0.6666666666666666,0.2222222222222222,0.1111111111111111,0.4444444444444444,0,0
S4T15,2011,Lower Tampa Bay,1,0.34615384615384615,0.23076923076923078,0.15384615384615385,0,0,0
S4T3,2011,Lower Tampa Bay,1,0.45,0.3,0.15,0.05,0,0
S4T5,2011,Lower Tampa Bay,1,0.9090909090909091,0.6363636363636364,0.2727272727272727,0.5454545454545454,0,0
S4T7,2011,Lower Tampa Bay,1,0.5384615384615384,0.5384615384615384,0.5384615384615384,0,0,0
S4T9,2011,Lower Tampa Bay,1,0.6666666666666666,0.5,0.6666666666666666,0,0,0
S5T1,2011,Boca Ciega Bay,1,1,0,1,0,0,0
S5T11,2011,Boca Ciega Bay,1,0.8125,0.0625,0.8125,0,0,0
S5T3,2011,Boca Ciega Bay,1,0.42857142857142855,0,0.42857142857142855,0,0,0
S5T5,2011,Boca Ciega Bay,1,1,0.16666666666666666,1,0,0,0
S5T7,2011,Boca Ciega Bay,1,1,1,0.26666666666666666,0,0,0
S5T9,2011,Boca Ciega Bay,1,0.7777777777777778,0.7777777777777778,0.14814814814814814,0,0,0
S1T1,2012,Old Tampa Bay,1,0.9230769230769231,0,0.9230769230769231,0.11538461538461539,0,0
S1T13,2012,Old Tampa Bay,1,0.8846153846153846,0,0.8846153846153846,0,0,0
S1T14,2012,Old Tampa Bay,1,0.9230769230769231,0.1794871794871795,0.1794871794871795,0.6153846153846154,0,0
S1T15,2012,Old Tampa Bay,1,0.96875,0.40625,0.53125,0.5,0,0
S1T16,2012,Old Tampa Bay,1,0.9210526315789473,0.2631578947368421,0.5526315789473685,0.23684210526315788,0,0
S1T17,2012,Old Tampa Bay,1,0.5596330275229358,0,0.4954128440366973,0.06422018348623854,0,0
S1T18,2012,Old Tampa Bay,1,0.95,0.025,0.7,0.275,0,0
S1T3,2012,Old Tampa Bay,1,0.5,0,0.5,0,0,0
S1T5,2012,Old Tampa Bay,1,0.9545454545454546,0.36363636363636365,0.5909090909090909,0.13636363636363635,0,0
S1T6,2012,Old Tampa Bay,1,1,0.5714285714285714,0.6666666666666666,0.23809523809523808,0,0
S1T8,2012,Old Tampa Bay,1,0.6,0.2,0.26666666666666666,0.4,0,0
S1T9,2012,Old Tampa Bay,1,0.8611111111111112,0.08333333333333333,0.25,0.5833333333333334,0,0
S2T10,2012,Hillsborough Bay,1,0.7647058823529411,0,0.7647058823529411,0,0,0
S2T111,2012,Hillsborough Bay,1,0.7692307692307693,0,0.7692307692307693,0,0,0
S2T112,2012,Hillsborough Bay,1,0.5185185185185185,0,0.5185185185185185,0,0,0
S2T12,2012,Middle Tampa Bay,1,0.4166666666666667,0,0.4166666666666667,0,0,0
S2T2,2012,Hillsborough Bay,1,0.9836065573770492,0,0.9836065573770492,0,0,0
S2T3,2012,Hillsborough Bay,1,0.8918918918918919,0,0.8918918918918919,0,0,0
S2T4,2012,Hillsborough Bay,1,0.4117647058823529,0,0.4117647058823529,0,0,0
S2T5,2012,Hillsborough Bay,1,0.8,0,0.8,0,0,0
S2T6,2012,Hillsborough Bay,1,0.058823529411764705,0,0.058823529411764705,0,0,0
S2T8,2012,Hillsborough Bay,1,0,0,0,0,0,0
S2T9,2012,Hillsborough Bay,1,0.1875,0,0.1875,0,0,0
S3T1,2012,Middle Tampa Bay,1,0.6666666666666666,0.09803921568627451,0.21568627450980393,0.5294117647058824,0,0
S3T10,2012,Old Tampa Bay,1,0.6346153846153846,0.23076923076923078,0.3076923076923077,0.07692307692307693,0,0.019230769230769232
S3T11,2012,Middle Tampa Bay,1,0.926829268292683,0.07317073170731707,0.12195121951219512,0.8048780487804879,0,0
S3T12,2012,Middle Tampa Bay,1,0.8958333333333334,0,0.8541666666666666,0.0625,0,0
S3T13,2012,Middle Tampa Bay,1,0.8846153846153846,0.057692307692307696,0.8846153846153846,0,0,0
S3T3,2012,Middle Tampa Bay,1,0.8,0.26666666666666666,0.13333333333333333,0.6,0,0
S3T4,2012,Middle Tampa Bay,1,0.7272727272727273,0.45454545454545453,0.6363636363636364,0,0,0
S3T5,2012,Middle Tampa Bay,1,0.8571428571428571,0.2857142857142857,0.32142857142857145,0.39285714285714285,0,0
S3T7,2012,Middle Tampa Bay,1,0.84,0.44,0.08,0.8,0,0
S3T8,2012,Middle Tampa Bay,1,0.23076923076923078,0.1282051282051282,0.1282051282051282,0.20512820512820512,0,0.02564102564102564
S3T9,2012,Middle Tampa Bay,1,0.8421052631578947,0,0.8421052631578947,0,0,0
S4T10,2012,Lower Tampa Bay,1,0.8518518518518519,0.6296296296296297,0.3333333333333333,0.07407407407407407,0,0
S4T12,2012,Lower Tampa Bay,1,0.6875,0.1875,0.375,0.3125,0,0
S4T14,2012,Lower Tampa Bay,1,0.9473684210526315,0.5263157894736842,0.5263157894736842,0.05263157894736842,0,0
S4T2,2012,Lower Tampa Bay,1,0.30952380952380953,0.2857142857142857,0.07142857142857142,0,0,0
S4T4,2012,Lower Tampa Bay,1,0.5161290322580645,0.5161290322580645,0,0.0967741935483871,0,0
S4T6,2012,Lower Tampa Bay,1,0.8,0.8,0.08,0.16,0,0
S4T8,2012,Lower Tampa Bay,1,0.6666666666666666,0.3333333333333333,0.6666666666666666,0,0,0
S5T10,2012,Boca Ciega Bay,1,0.75,0.625,0.4166666666666667,0,0,0
S5T2,2012,Boca Ciega Bay,1,0.9411764705882353,0.5294117647058824,0.7647058823529411,0,0,0
S5T4,2012,Boca Ciega Bay,1,0.8571428571428571,0,0.8571428571428571,0,0,0
S5T6,2012,Boca Ciega Bay,1,0.9230769230769231,0.3076923076923077,0.6923076923076923,0,0,0
S5T8,2012,Boca Ciega Bay,1,0.9375,0.3125,0.1875,0.8125,0,0
S1T1,2013,Old Tampa Bay,1,0.9523809523809523,0.047619047619047616,0.8571428571428571,0.14285714285714285,0,0
S1T13,2013,Old Tampa Bay,1,0.88,0,0.88,0,0,0
S1T14,2013,Old Tampa Bay,1,0.9411764705882353,0.2647058823529412,0.14705882352941177,0.6176470588235294,0,0
S1T15,2013,Old Tampa Bay,1,1,0.45454545454545453,0.45454545454545453,0.45454545454545453,0,0
S1T16,2013,Old Tampa Bay,1,0.813953488372093,0.2558139534883721,0.4883720930232558,0.16279069767441862,0,0
S1T17,2013,Old Tampa Bay,1,0.8454545454545455,0,0.7818181818181819,0.06363636363636363,0,0
S1T18,2013,Old Tampa Bay,1,1,0.02564102564102564,0.7692307692307693,0.23076923076923078,0,0
S1T3,2013,Old Tampa Bay,1,0.8421052631578947,0,0.8421052631578947,0,0,0
S1T5,2013,Old Tampa Bay,1,1,0.3076923076923077,0.6923076923076923,0.11538461538461539,0,0
S1T6,2013,Old Tampa Bay,1,1,0.5625,0.5,0.125,0.125,0
S1T8,2013,Old Tampa Bay,1,0.8,0.4666666666666667,0.3333333333333333,0.4,0,0
S1T9,2013,Old Tampa Bay,1,0.8108108108108109,0.08108108108108109,0.21621621621621623,0.6486486486486487,0.02702702702702703,0
S2T10,2013,Hillsborough Bay,1,0.5625,0,0.5625,0,0,0
S2T12,2013,Middle Tampa Bay,1,0.35294117647058826,0,0.35294117647058826,0,0,0
S2T2,2013,Hillsborough Bay,1,0.9482758620689655,0,0.9482758620689655,0,0,0
S2T3,2013,Hillsborough Bay,1,0.9375,0,0.9375,0,0,0
S2T4,2013,Hillsborough Bay,1,0.4074074074074074,0,0.4074074074074074,0,0,0
S2T5,2013,Hillsborough Bay,1,0.975609756097561,0,0.975609756097561,0,0,0
S2T6,2013,Hillsborough Bay,1,0.30434782608695654,0,0.043478260869565216,0,0.2608695652173913,0
S2T8,2013,Hillsborough Bay,1,0,0,0,0,0,0
S2T9,2013,Hillsborough Bay,1,0.2777777777777778,0,0.2777777777777778,0,0,0
S3T1,2013,Middle Tampa Bay,1,0.6724137931034483,0.05172413793103448,0.22413793103448276,0.43103448275862066,0,0
S3T10,2013,Old Tampa Bay,1,0.6078431372549019,0.17647058823529413,0.35294117647058826,0.11764705882352941,0,0
S3T11,2013,Middle Tampa Bay,1,0.9347826086956522,0.17391304347826086,0.1956521739130435,0.8043478260869565,0,0
S3T12,2013,Middle Tampa Bay,1,0.9318181818181818,0.045454545454545456,0.8636363636363636,0.06818181818181818,0.022727272727272728,0
S3T13,2013,Middle Tampa Bay,1,0.9636363636363636,0.05454545454545454,0.9090909090909091,0,0,0
S3T3,2013,Middle Tampa Bay,1,0.7777777777777778,0.2777777777777778,0.2222222222222222,0.3333333333333333,0,0
S3T4,2013,Middle Tampa Bay,1,0.7857142857142857,0.35714285714285715,0.7857142857142857,0,0,0
S3T5,2013,Middle Tampa Bay,1,0.8333333333333334,0.36666666666666664,0.23333333333333334,0.36666666666666664,0,0
S3T6,2013,Middle Tampa Bay,1,0.7142857142857143,0.23809523809523808,0.2857142857142857,0.3333333333333333,0,0
S3T7,2013,Middle Tampa Bay,1,0.7096774193548387,0.3225806451612903,0.0967741935483871,0.6129032258064516,0,0
S3T8,2013,Middle Tampa Bay,1,0.5,0.13636363636363635,0.18181818181818182,0.22727272727272727,0,0
S3T9,2013,Middle Tampa Bay,1,0.8695652173913043,0.08695652173913043,0.8260869565217391,0,0,0
S4T1,2013,Lower Tampa Bay,1,0.5,0.3333333333333333,0.2222222222222222,0,0,0
S4T11,2013,Lower Tampa Bay,1,0.7692307692307693,0.5384615384615384,0.3076923076923077,0.23076923076923078,0,0
S4T12,2013,Lower Tampa Bay,1,0.6875,0.25,0.375,0.375,0,0
S4T13,2013,Lower Tampa Bay,1,0.9090909090909091,0.8181818181818182,0.2727272727272727,0.6363636363636364,0,0
S4T15,2013,Lower Tampa Bay,1,0.6153846153846154,0.3076923076923077,0.3076923076923077,0,0,0
S4T3,2013,Lower Tampa Bay,1,0.46153846153846156,0.23076923076923078,0.3076923076923077,0,0,0
S4T5,2013,Lower Tampa Bay,1,0.7619047619047619,0.7142857142857143,0.47619047619047616,0.3333333333333333,0,0
S4T7,2013,Lower Tampa Bay,1,0.9166666666666666,0.75,0.8333333333333334,0.16666666666666666,0,0
S4T9,2013,Lower Tampa Bay,1,0.5,0.5,0.3333333333333333,0,0,0
S5T1,2013,Boca Ciega Bay,1,0.6666666666666666,0,0.6666666666666666,0,0,0
S5T11,2013,Boca Ciega Bay,1,0.6363636363636364,0.09090909090909091,0.6363636363636364,0,0,0
S5T3,2013,Boca Ciega Bay,1,1,0,1,0,0,0
S5T5,2013,Boca Ciega Bay,1,1,0.2857142857142857,0.8571428571428571,0,0,0
S5T7,2013,Boca Ciega Bay,1,1,1,0.3333333333333333,0,0,0
S5T9,2013,Boca Ciega Bay,1,1,1,0.23809523809523808,0,0,0
S1T1,2014,Old Tampa Bay,1,0.8571428571428571,0.047619047619047616,0.8095238095238095,0.09523809523809523,0,0
S1T13,2014,Old Tampa Bay,1,0.9761904761904762,0,0.9761904761904762,0,0,0
S1T14,2014,Old Tampa Bay,1,1,0.36363636363636365,0.30303030303030304,0.5757575757575758,0,0
S1T15,2014,Old Tampa Bay,1,0.918918918918919,0.35135135135135137,0.24324324324324326,0.4864864864864865,0,0
S1T16,2014,Old Tampa Bay,1,0.8260869565217391,0.17391304347826086,0.41304347826086957,0.2608695652173913,0.021739130434782608,0
S1T17,2014,Old Tampa Bay,1,0.8532110091743119,0,0.7798165137614679,0.05504587155963303,0.06422018348623854,0
S1T18,2014,Old Tampa Bay,1,0.9487179487179487,0.02564102564102564,0.717948717948718,0.2564102564102564,0,0
S1T3,2014,Old Tampa Bay,1,0.8947368421052632,0,0.8947368421052632,0,0,0
S1T5,2014,Old Tampa Bay,1,1,0.36363636363636365,0.5909090909090909,0.09090909090909091,0,0
S1T6,2014,Old Tampa Bay,1,1,0.6666666666666666,0.25,0.375,0,0
S1T8,2014,Old Tampa Bay,1,0.7333333333333333,0.4666666666666667,0.13333333333333333,0.4666666666666667,0,0
S1T9,2014,Old Tampa Bay,1,0.7647058823529411,0.08823529411764706,0.17647058823529413,0.6470588235294118,0,0
S2T10,2014,Hillsborough Bay,1,0.5,0,0.5,0,0,0
S2T111,2014,Hillsborough Bay,1,0.47619047619047616,0,0.47619047619047616,0,0,0
S2T112,2014,Hillsborough Bay,1,0.4,0,0.4,0,0,0
S2T12,2014,Middle Tampa Bay,1,0.25,0,0.25,0,0,0
S2T2,2014,Hillsborough Bay,1,0.9264705882352942,0,0.9264705882352942,0,0.014705882352941176,0
S2T3,2014,Hillsborough Bay,1,0.9387755102040817,0,0.9387755102040817,0,0,0
S2T4,2014,Hillsborough Bay,1,0.6060606060606061,0,0.6060606060606061,0,0,0
S2T5,2014,Hillsborough Bay,1,0.8837209302325582,0,0.8837209302325582,0,0,0
S2T6,2014,Hillsborough Bay,1,0,0,0,0,0,0
S2T8,2014,Hillsborough Bay,1,0,0,0,0,0,0
S2T9,2014,Hillsborough Bay,1,0.23529411764705882,0,0.23529411764705882,0,0,0
S3T1,2014,Middle Tampa Bay,1,0.5,0.05555555555555555,0.16666666666666666,0.37037037037037035,0,0
S3T10,2014,Old Tampa Bay,1,0.6444444444444445,0.2,0.37777777777777777,0.08888888888888889,0,0
S3T12,2014,Middle Tampa Bay,1,0.8,0.03333333333333333,0.65,0.13333333333333333,0,0
S3T13,2014,Middle Tampa Bay,1,0.9298245614035088,0.07017543859649122,0.9298245614035088,0.017543859649122806,0,0
S3T3,2014,Middle Tampa Bay,1,0.8,0.4666666666666667,0.13333333333333333,0.4666666666666667,0,0
S3T4,2014,Middle Tampa Bay,1,0.8181818181818182,0.36363636363636365,0.8181818181818182,0,0,0
S3T5,2014,Middle Tampa Bay,1,0.8214285714285714,0.42857142857142855,0.21428571428571427,0.42857142857142855,0,0
S3T6,2014,Middle Tampa Bay,1,0.7647058823529411,0.23529411764705882,0.47058823529411764,0.35294117647058826,0,0
S3T7,2014,Middle Tampa Bay,1,0.7692307692307693,0.5,0,0.7692307692307693,0,0
S3T8,2014,Middle Tampa Bay,1,0.08823529411764706,0.058823529411764705,0.029411764705882353,0.058823529411764705,0,0
S3T9,2014,Middle Tampa Bay,1,1,0,1,0,0,0
S4T10,2014,Lower Tampa Bay,1,0.8846153846153846,0.6153846153846154,0.4230769230769231,0.15384615384615385,0,0
S4T12,2014,Lower Tampa Bay,1,0.7058823529411765,0.23529411764705882,0.29411764705882354,0.4117647058823529,0,0
S4T14,2014,Lower Tampa Bay,1,0.6875,0.1875,0.5625,0.125,0,0
S4T2,2014,Lower Tampa Bay,1,0.5882352941176471,0.5882352941176471,0.17647058823529413,0,0,0
S4T4,2014,Lower Tampa Bay,1,0.9666666666666667,0.9333333333333333,0.06666666666666667,0.13333333333333333,0,0
S4T6,2014,Lower Tampa Bay,1,0.9615384615384616,0.9230769230769231,0.11538461538461539,0.34615384615384615,0,0
S4T8,2014,Lower Tampa Bay,1,0.6153846153846154,0.15384615384615385,0.5384615384615384,0,0,0.07692307692307693
S5T10,2014,Boca Ciega Bay,1,0.8947368421052632,0.6842105263157895,0.631578947368421,0,0,0
S5T2,2014,Boca Ciega Bay,1,1,0.4,0.8666666666666667,0,0,0
S5T4,2014,Boca Ciega Bay,1,1,0,1,0,0,0
S5T6,2014,Boca Ciega Bay,1,0.9285714285714286,0.35714285714285715,0.9285714285714286,0,0,0
S5T8,2014,Boca Ciega Bay,1,0.75,0.3125,0.0625,0.5625,0,0
S1T1,2015,Old Tampa Bay,1,0.9523809523809523,0.047619047619047616,0.9523809523809523,0.14285714285714285,0,0
S1T13,2015,Old Tampa Bay,1,0.975,0,0.975,0,0,0
S1T14,2015,Old Tampa Bay,1,0.9444444444444444,0.2777777777777778,0.19444444444444445,0.5555555555555556,0,0
S1T15,2015,Old Tampa Bay,1,0.967741935483871,0.3225806451612903,0.41935483870967744,0.4838709677419355,0,0
S1T16,2015,Old Tampa Bay,1,0.9318181818181818,0.3181818181818182,0.4090909090909091,0.3409090909090909,0.045454545454545456,0
S1T17,2015,Old Tampa Bay,1,0.9823008849557522,0,0.7433628318584071,0.07964601769911504,0.48672566371681414,0
S1T18,2015,Old Tampa Bay,1,0.9411764705882353,0,0.7647058823529411,0.23529411764705882,0,0
S1T3,2015,Old Tampa Bay,1,0.9811320754716981,0,0.9811320754716981,0,0,0
S1T5,2015,Old Tampa Bay,1,0.95,0.45,0.55,0.1,0,0
S1T6,2015,Old Tampa Bay,1,0.9523809523809523,0.6666666666666666,0.47619047619047616,0.19047619047619047,0.09523809523809523,0
S1T8,2015,Old Tampa Bay,1,0.9230769230769231,0.6153846153846154,0,0.6923076923076923,0,0
S1T9,2015,Old Tampa Bay,1,0.8055555555555556,0.08333333333333333,0.1388888888888889,0.6666666666666666,0,0
S2T10,2015,Hillsborough Bay,1,0.6153846153846154,0,0.6153846153846154,0,0,0
S2T111,2015,Hillsborough Bay,1,0.5,0,0.5,0,0,0
S2T112,2015,Hillsborough Bay,1,0.19230769230769232,0,0.15384615384615385,0,0.038461538461538464,0
S2T12,2015,Middle Tampa Bay,1,0.4782608695652174,0,0.4782608695652174,0,0,0
S2T2,2015,Hillsborough Bay,1,0.967741935483871,0,0.967741935483871,0,0,0
S2T3,2015,Hillsborough Bay,1,0.8695652173913043,0,0.8695652173913043,0,0,0
S2T4,2015,Hillsborough Bay,1,0.8275862068965517,0,0.8275862068965517,0,0,0
S2T5,2015,Hillsborough Bay,1,0.8974358974358975,0,0.8461538461538461,0,0,0.05128205128205128
S2T6,2015,Hillsborough Bay,1,0,0,0,0,0,0
S2T8,2015,Hillsborough Bay,1,0,0,0,0,0,0
S2T9,2015,Hillsborough Bay,1,0.35294117647058826,0,0.35294117647058826,0,0,0
S3T1,2015,Middle Tampa Bay,1,0.6481481481481481,0.05555555555555555,0.24074074074074073,0.5,0,0
S3T10,2015,Old Tampa Bay,1,0.7407407407407407,0.2777777777777778,0.42592592592592593,0.07407407407407407,0,0
S3T11,2015,Middle Tampa Bay,1,0.95,0.175,0.175,0.85,0.05,0
S3T12,2015,Middle Tampa Bay,1,0.8958333333333334,0.08333333333333333,0.7291666666666666,0.10416666666666667,0.020833333333333332,0
S3T13,2015,Middle Tampa Bay,1,0.8076923076923077,0.057692307692307696,0.8076923076923077,0.019230769230769232,0,0
S3T3,2015,Middle Tampa Bay,1,0.8666666666666667,0.2,0.2,0.6,0,0
S3T4,2015,Middle Tampa Bay,1,0.7272727272727273,0.45454545454545453,0.7272727272727273,0,0,0
S3T5,2015,Middle Tampa Bay,1,0.7586206896551724,0.5172413793103449,0.1724137931034483,0.41379310344827586,0,0
S3T6,2015,Middle Tampa Bay,1,0.7058823529411765,0.23529411764705882,0.23529411764705882,0.4117647058823529,0,0
S3T7,2015,Middle Tampa Bay,1,0.8571428571428571,0.4642857142857143,0.07142857142857142,0.7857142857142857,0,0
S3T8,2015,Middle Tampa Bay,1,0.22580645161290322,0.12903225806451613,0.12903225806451613,0.0967741935483871,0,0
S3T9,2015,Middle Tampa Bay,1,1,0,1,0,0,0
S4T1,2015,Lower Tampa Bay,1,0.4090909090909091,0.4090909090909091,0.045454545454545456,0,0,0
S4T11,2015,Lower Tampa Bay,1,0.7692307692307693,0.6153846153846154,0.3076923076923077,0.23076923076923078,0,0
S4T12,2015,Lower Tampa Bay,1,0.7058823529411765,0.17647058823529413,0.4117647058823529,0.29411764705882354,0,0
S4T13,2015,Lower Tampa Bay,1,0.9166666666666666,0.6666666666666666,0.25,0.5833333333333334,0,0
S4T15,2015,Lower Tampa Bay,1,0.8,0.4666666666666667,0.4666666666666667,0,0,0
S4T3,2015,Lower Tampa Bay,1,0.7777777777777778,0.5555555555555556,0.3333333333333333,0.1111111111111111,0,0
S4T5,2015,Lower Tampa Bay,1,0.9444444444444444,0.8333333333333334,0.5555555555555556,0.4444444444444444,0,0
S4T7,2015,Lower Tampa Bay,1,0.8181818181818182,0.6363636363636364,0.7272727272727273,0.36363636363636365,0,0
S4T9,2015,Lower Tampa Bay,1,0.6666666666666666,0.6666666666666666,0.6666666666666666,0,0,0
S5T1,2015,Boca Ciega Bay,1,0.7272727272727273,0,0.7272727272727273,0,0,0
S5T11,2015,Boca Ciega Bay,1,1,0.1111111111111111,1,0,0,0
S5T3,2015,Boca Ciega Bay,1,0.2,0,0.2,0,0,0
S5T5,2015,Boca Ciega Bay,1,0.8888888888888888,0,0.8888888888888888,0,0,0
S5T7,2015,Boca Ciega Bay,1,1,1,0.36363636363636365,0,0,0
S5T9,2015,Boca Ciega Bay,1,1,1,0.3333333333333333,0,0,0
S1T1,2016,Old Tampa Bay,1,0.9,0,0.85,0.1,0,0
S1T13,2016,Old Tampa Bay,1,0.9111111111111111,0,0.9111111111111111,0,0,0
S1T14,2016,Old Tampa Bay,1,0.96875,0.25,0.21875,0.59375,0,0
S1T15,2016,Old Tampa Bay,1,0.96875,0.5,0.34375,0.4375,0,0
S1T16,2016,Old Tampa Bay,1,1,0.225,0.5,0.225,0.125,0
S1T17,2016,Old Tampa Bay,1,0.8715596330275229,0,0.7614678899082569,0.11009174311926606,0,0
S1T18,2016,Old Tampa Bay,1,0.775,0.025,0.675,0.125,0,0
S1T3,2016,Old Tampa Bay,1,0.95,0,0.95,0,0,0
S1T5,2016,Old Tampa Bay,1,1,0.39285714285714285,0.6428571428571429,0.10714285714285714,0,0
S1T6,2016,Old Tampa Bay,1,1,0.5555555555555556,0.4444444444444444,0.16666666666666666,0.05555555555555555,0
S1T8,2016,Old Tampa Bay,1,0.9285714285714286,0.6428571428571429,0,0.7142857142857143,0,0
S1T9,2016,Old Tampa Bay,1,0.8484848484848485,0.09090909090909091,0.24242424242424243,0.7272727272727273,0.06060606060606061,0
S2T10,2016,Hillsborough Bay,1,0.5294117647058824,0,0.5294117647058824,0,0,0
S2T111,2016,Hillsborough Bay,1,0.5714285714285714,0,0.5714285714285714,0,0,0
S2T112,2016,Hillsborough Bay,1,0,0,0,0,0,0
S2T12,2016,Middle Tampa Bay,1,0.15151515151515152,0,0.15151515151515152,0,0,0
S2T2,2016,Hillsborough Bay,1,0.7313432835820896,0,0.7313432835820896,0,0,0
S2T3,2016,Hillsborough Bay,1,0.66,0,0.66,0,0,0
S2T4,2016,Hillsborough Bay,1,0.8461538461538461,0,0.8461538461538461,0,0,0
S2T5,2016,Hillsborough Bay,1,0.8048780487804879,0,0.8048780487804879,0,0,0
S2T6,2016,Hillsborough Bay,1,0,0,0,0,0,0
S2T8,2016,Hillsborough Bay,1,0,0,0,0,0,0
S2T9,2016,Hillsborough Bay,1,0.35294117647058826,0,0.35294117647058826,0,0,0
S3T1,2016,Middle Tampa Bay,1,0.6666666666666666,0.0625,0.20833333333333334,0.5208333333333334,0,0
S3T10,2016,Old Tampa Bay,1,0.5777777777777777,0.2,0.24444444444444444,0.17777777777777778,0.022222222222222223,0
S3T11,2016,Middle Tampa Bay,1,0.96,0.22,0.14,0.84,0.06,0
S3T12,2016,Middle Tampa Bay,1,0.975609756097561,0,0.8780487804878049,0.12195121951219512,0,0
S3T13,2016,Middle Tampa Bay,1,0.8448275862068966,0.13793103448275862,0.8448275862068966,0,0,0
S3T3,2016,Middle Tampa Bay,1,0.66,0,0.66,0,0,0
S3T4,2016,Middle Tampa Bay,1,0.8461538461538461,0,0.8461538461538461,0,0,0
S3T5,2016,Middle Tampa Bay,1,0.8048780487804879,0,0.8048780487804879,0,0,0
S3T7,2016,Middle Tampa Bay,1,0.8076923076923077,0.46153846153846156,0,0.8076923076923077,0,0
S3T8,2016,Middle Tampa Bay,1,0.2,0.14285714285714285,0.02857142857142857,0.17142857142857143,0.02857142857142857,0
S4T10,2016,Lower Tampa Bay,1,0.8260869565217391,0.6086956521739131,0.4782608695652174,0.17391304347826086,0,0
S4T12,2016,Lower Tampa Bay,1,0.6153846153846154,0.23076923076923078,0.15384615384615385,0.46153846153846156,0,0
S4T14,2016,Lower Tampa Bay,1,0.875,0.4375,0.4375,0.125,0.0625,0
S4T2,2016,Lower Tampa Bay,1,0.6190476190476191,0.5714285714285714,0.09523809523809523,0,0,0.047619047619047616
S4T4,2016,Lower Tampa Bay,1,0.9310344827586207,0.8620689655172413,0.13793103448275862,0.10344827586206896,0,0
S4T6,2016,Lower Tampa Bay,1,0.9259259259259259,0.8888888888888888,0.18518518518518517,0.37037037037037035,0,0
S4T8,2016,Lower Tampa Bay,1,0.8333333333333334,0.25,0.5833333333333334,0,0,0.25
S5T10,2016,Boca Ciega Bay,1,0.8666666666666667,0.4666666666666667,0.8666666666666667,0,0,0
S5T2,2016,Boca Ciega Bay,1,1,0.47058823529411764,0.7647058823529411,0,0,0
S5T4,2016,Boca Ciega Bay,1,1,0,1,0,0,0
S5T6,2016,Boca Ciega Bay,1,1,0.4166666666666667,0.6666666666666666,0,0,0
S5T8,2016,Boca Ciega Bay,1,0.8888888888888888,0.2222222222222222,0.1111111111111111,0.7777777777777778,0,0
S1T1,2017,Old Tampa Bay,1,1,0.045454545454545456,0.9090909090909091,0.09090909090909091,0,0
S1T13,2017,Old Tampa Bay,1,0.8333333333333334,0,0.8333333333333334,0,0,0
S1T14,2017,Old Tampa Bay,1,0.9411764705882353,0.3235294117647059,0.20588235294117646,0.5882352941176471,0,0
S1T15,2017,Old Tampa Bay,1,0.9393939393939394,0.42424242424242425,0.30303030303030304,0.42424242424242425,0,0
S1T16,2017,Old Tampa Bay,1,0.9333333333333333,0.26666666666666666,0.4222222222222222,0.28888888888888886,0.1111111111111111,0
S1T17,2017,Old Tampa Bay,1,0.7657657657657657,0,0.6666666666666666,0.0990990990990991,0.009009009009009009,0.009009009009009009
S1T18,2017,Old Tampa Bay,1,0.8536585365853658,0.024390243902439025,0.7073170731707317,0.17073170731707318,0,0
S1T3,2017,Old Tampa Bay,1,0.7037037037037037,0,0.7037037037037037,0,0,0
S1T5,2017,Old Tampa Bay,1,0.9090909090909091,0.36363636363636365,0.5,0.13636363636363635,0,0
S1T6,2017,Old Tampa Bay,1,0.9444444444444444,0.6666666666666666,0.3888888888888889,0.1111111111111111,0,0
S1T8,2017,Old Tampa Bay,1,0.9166666666666666,0.5833333333333334,0,0.75,0,0
S1T9,2017,Old Tampa Bay,1,0.9090909090909091,0.030303030303030304,0.24242424242424243,0.7272727272727273,0,0
S2T10,2017,Hillsborough Bay,1,0.6470588235294118,0,0.6470588235294118,0,0,0
S2T111,2017,Hillsborough Bay,1,0.3125,0,0.3125,0,0,0
S2T112,2017,Hillsborough Bay,1,0,0,0,0,0,0
S2T12,2017,Middle Tampa Bay,1,0.16129032258064516,0,0.16129032258064516,0,0,0
S2T2,2017,Hillsborough Bay,1,0.8873239436619719,0,0.8873239436619719,0,0,0
S2T3,2017,Hillsborough Bay,1,0.7413793103448276,0,0.7413793103448276,0,0,0
S2T4,2017,Hillsborough Bay,1,0.7674418604651163,0,0.7674418604651163,0,0,0
S2T5,2017,Hillsborough Bay,1,0.8275862068965517,0,0.8275862068965517,0,0,0
S2T6,2017,Hillsborough Bay,1,0.35294117647058826,0,0.35294117647058826,0,0,0
S2T8,2017,Hillsborough Bay,1,0.3333333333333333,0,0.3333333333333333,0,0,0
S2T9,2017,Hillsborough Bay,1,0.29411764705882354,0,0.29411764705882354,0,0,0
S3T1,2017,Middle Tampa Bay,1,0.7837837837837838,0.08108108108108109,0.24324324324324326,0.7297297297297297,0,0
S3T10,2017,Old Tampa Bay,1,0.5813953488372093,0.20930232558139536,0.23255813953488372,0.16279069767441862,0,0
S3T11,2017,Middle Tampa Bay,1,0.9512195121951219,0.3170731707317073,0.17073170731707318,0.8292682926829268,0,0
S3T12,2017,Middle Tampa Bay,1,0.8409090909090909,0.045454545454545456,0.7727272727272727,0.11363636363636363,0,0
S3T13,2017,Middle Tampa Bay,1,0.7846153846153846,0.015384615384615385,0.7538461538461538,0.015384615384615385,0,0
S3T3,2017,Middle Tampa Bay,1,0.9047619047619048,0.19047619047619047,0.19047619047619047,0.5238095238095238,0,0
S3T4,2017,Middle Tampa Bay,1,0.47058823529411764,0.17647058823529413,0.29411764705882354,0,0,0
S3T5,2017,Middle Tampa Bay,1,0.75,0.1875,0.1875,0.375,0,0
S3T6,2017,Middle Tampa Bay,1,0.6923076923076923,0.07692307692307693,0.2692307692307692,0.34615384615384615,0,0
S3T7,2017,Middle Tampa Bay,1,0.9545454545454546,0.5454545454545454,0,0.9090909090909091,0,0
S3T8,2017,Middle Tampa Bay,1,0.18518518518518517,0.1111111111111111,0.07407407407407407,0.1111111111111111,0,0
S3T9,2017,Middle Tampa Bay,1,1,0,1,0,0,0
S4T1,2017,Lower Tampa Bay,1,0.4444444444444444,0.4444444444444444,0.05555555555555555,0,0,0
S4T11,2017,Lower Tampa Bay,1,0.9,0.75,0.5,0.2,0,0
S4T12,2017,Lower Tampa Bay,1,0.5,0.21428571428571427,0.07142857142857142,0.2857142857142857,0,0
S4T13,2017,Lower Tampa Bay,1,0.7777777777777778,0.4444444444444444,0.3333333333333333,0.4444444444444444,0,0
S4T15,2017,Lower Tampa Bay,1,0.7222222222222222,0.3888888888888889,0.3888888888888889,0,0,0
S4T3,2017,Lower Tampa Bay,1,0.8461538461538461,0.46153846153846156,0.38461538461538464,0.3076923076923077,0,0
S4T5,2017,Lower Tampa Bay,1,0.9459459459459459,0.7837837837837838,0.16216216216216217,0.7027027027027027,0,0
S4T7,2017,Lower Tampa Bay,1,0.9090909090909091,0.45454545454545453,0.5454545454545454,0.2727272727272727,0,0
S4T9,2017,Lower Tampa Bay,1,0.5714285714285714,0.5714285714285714,0.2857142857142857,0,0,0
S5T1,2017,Boca Ciega Bay,1,1,0,1,0,0,0
S5T11,2017,Boca Ciega Bay,1,0.875,0.125,0.875,0,0,0
S5T3,2017,Boca Ciega Bay,1,1,0,1,0,0,0
S5T5,2017,Boca Ciega Bay,1,1,0.25,0.875,0,0,0
S5T7,2017,Boca Ciega Bay,1,1,1,0.4,0,0,0
S5T9,2017,Boca Ciega Bay,1,1,1,0.1875,0,0,0
S1T1,2018,Old Tampa Bay,1,1,0.07692307692307693,0.9230769230769231,0.07692307692307693,0,0.15384615384615385
S1T13,2018,Old Tampa Bay,1,1,0,1,0,0,0
S1T14,2018,Old Tampa Bay,1,0.96875,0.3125,0.25,0.59375,0,0
S1T15,2018,Old Tampa Bay,1,0.96875,0.40625,0.21875,0.4375,0,0
S1T16,2018,Old Tampa Bay,1,0.9736842105263158,0.2631578947368421,0.4473684210526316,0.23684210526315788,0.3157894736842105,0
S1T17,2018,Old Tampa Bay,1,0.75,0,0.6428571428571429,0.13392857142857142,0,0.017857142857142856
S1T18,2018,Old Tampa Bay,1,0.9166666666666666,0.027777777777777776,0.7777777777777778,0.16666666666666666,0,0
S1T3,2018,Old Tampa Bay,1,0.6666666666666666,0,0.6666666666666666,0,0,0
S1T5,2018,Old Tampa Bay,1,0.9473684210526315,0.42105263157894735,0.5263157894736842,0.10526315789473684,0.05263157894736842,0
S1T6,2018,Old Tampa Bay,1,1,0.65,0.35,0.2,0.1,0
S1T8,2018,Old Tampa Bay,1,1,0.75,0.25,0.75,0,0
S1T9,2018,Old Tampa Bay,1,0.9393939393939394,0.09090909090909091,0.3333333333333333,0.6666666666666666,0.09090909090909091,0
S2T10,2018,Hillsborough Bay,1,0.6,0,0.6,0,0.06666666666666667,0
S2T111,2018,Hillsborough Bay,1,0.7727272727272727,0,0.7727272727272727,0,0,0
S2T112,2018,Hillsborough Bay,1,0.4117647058823529,0.058823529411764705,0.4117647058823529,0,0,0
S2T12,2018,Middle Tampa Bay,1,0.12903225806451613,0,0.12903225806451613,0,0,0
S2T2,2018,Hillsborough Bay,1,0.75,0,0.75,0,0.013888888888888888,0
S2T3,2018,Hillsborough Bay,1,0.49019607843137253,0,0.49019607843137253,0,0,0
S2T4,2018,Hillsborough Bay,1,0.55,0,0.55,0,0,0
S2T5,2018,Hillsborough Bay,1,0.625,0,0.625,0,0,0
S3T1,2018,Middle Tampa Bay,1,0.7254901960784313,0.0392156862745098,0.3333333333333333,0.5882352941176471,0,0
S3T10,2018,Old Tampa Bay,1,0.6382978723404256,0.2765957446808511,0.23404255319148937,0.23404255319148937,0,0
S3T11,2018,Middle Tampa Bay,1,0.926829268292683,0.21951219512195122,0.14634146341463414,0.8292682926829268,0.024390243902439025,0
S3T12,2018,Middle Tampa Bay,1,0.8666666666666667,0.13333333333333333,0.7666666666666667,0.25,0,0.016666666666666666
S3T13,2018,Middle Tampa Bay,1,0.7333333333333333,0.1,0.65,0.016666666666666666,0,0
S3T7,2018,Middle Tampa Bay,1,0.72,0.52,0.16,0.56,0,0
S3T8,2018,Middle Tampa Bay,1,0.45454545454545453,0.12121212121212122,0.30303030303030304,0.12121212121212122,0,0
S4T10,2018,Lower Tampa Bay,1,0.9411764705882353,0.7058823529411765,0.38235294117647056,0.14705882352941177,0,0
S4T12,2018,Lower Tampa Bay,1,0.6,0.26666666666666666,0.13333333333333333,0.4666666666666667,0,0
S4T14,2018,Lower Tampa Bay,1,0.875,0.4375,0.4375,0.25,0,0
S4T2,2018,Lower Tampa Bay,1,0.5,0.5,0.07142857142857142,0,0,0
S4T4,2018,Lower Tampa Bay,1,0.9642857142857143,0.8928571428571429,0.10714285714285714,0.07142857142857142,0,0
S4T6,2018,Lower Tampa Bay,1,0.9361702127659575,0.8936170212765957,0.19148936170212766,0.425531914893617,0,0
S4T8,2018,Lower Tampa Bay,1,0.45454545454545453,0.18181818181818182,0.36363636363636365,0,0,0.18181818181818182
S5T10,2018,Boca Ciega Bay,1,0.9,0.75,0.65,0,0,0
S5T2,2018,Boca Ciega Bay,1,0.76,0.44,0.56,0,0,0
S5T4,2018,Boca Ciega Bay,1,0.8571428571428571,0,0.8571428571428571,0,0,0
S5T6,2018,Boca Ciega Bay,1,0.8571428571428571,0.3333333333333333,0.7619047619047619,0,0,0
S1T1,2019,Old Tampa Bay,1,1,0.04,0.92,0.04,0,0.08
S1T13,2019,Old Tampa Bay,1,0.967741935483871,0,0.967741935483871,0,0,0
S1T14,2019,Old Tampa Bay,1,1,0.3611111111111111,0.3611111111111111,0.6388888888888888,0,0
S1T15,2019,Old Tampa Bay,1,0.9705882352941176,0.4411764705882353,0.3235294117647059,0.4411764705882353,0,0
S1T16,2019,Old Tampa Bay,1,0.972972972972973,0.24324324324324326,0.5405405405405406,0.2702702702702703,0.13513513513513514,0
S1T17,2019,Old Tampa Bay,1,0.4392523364485981,0,0.38317757009345793,0.06542056074766354,0,0
S1T18,2019,Old Tampa Bay,1,0.9714285714285714,0.02857142857142857,0.8,0.17142857142857143,0,0
S1T3,2019,Old Tampa Bay,1,1,0,1,0,0,0.045454545454545456
S1T5,2019,Old Tampa Bay,1,0.9642857142857143,0.5,0.5357142857142857,0.21428571428571427,0.17857142857142858,0
S1T6,2019,Old Tampa Bay,1,1,0.84,0.44,0.36,0.08,0
S1T8,2019,Old Tampa Bay,1,1,0.6923076923076923,0.15384615384615385,0.8461538461538461,0,0
S1T9,2019,Old Tampa Bay,1,0.875,0.15625,0.1875,0.71875,0,0
S2T10,2019,Hillsborough Bay,1,0.5,0,0.5,0,0,0
S2T111,2019,Hillsborough Bay,1,0.38095238095238093,0,0.38095238095238093,0,0,0
S2T112,2019,Hillsborough Bay,1,0.047619047619047616,0,0.047619047619047616,0,0,0
S2T12,2019,Middle Tampa Bay,1,0.1388888888888889,0,0.1388888888888889,0,0.027777777777777776,0
S2T2,2019,Hillsborough Bay,1,0.7575757575757576,0,0.7575757575757576,0,0.045454545454545456,0
S2T3,2019,Hillsborough Bay,1,0.4423076923076923,0,0.4423076923076923,0,0,0
S2T4,2019,Hillsborough Bay,1,0.575,0,0.575,0,0,0
S2T5,2019,Hillsborough Bay,1,0.5416666666666666,0,0.5416666666666666,0,0.020833333333333332,0
S2T6,2019,Hillsborough Bay,1,0,0,0,0,0,0
S2T8,2019,Hillsborough Bay,1,0,0,0,0,0,0
S2T9,2019,Hillsborough Bay,1,0.35294117647058826,0,0.35294117647058826,0,0,0
S3T1,2019,Middle Tampa Bay,1,0.7857142857142857,0.09523809523809523,0.2857142857142857,0.6190476190476191,0,0
S3T10,2019,Old Tampa Bay,1,0.86,0.36,0.4,0.22,0.04,0
S3T11,2019,Middle Tampa Bay,1,0.975609756097561,0.21951219512195122,0.12195121951219512,0.926829268292683,0,0
S3T12,2019,Middle Tampa Bay,1,0.8518518518518519,0.1111111111111111,0.5185185185185185,0.2962962962962963,0.09259259259259259,0
S3T13,2019,Middle Tampa Bay,1,0.631578947368421,0.08771929824561403,0.5789473684210527,0.05263157894736842,0.07017543859649122,0
S3T7,2019,Middle Tampa Bay,1,0.7391304347826086,0.30434782608695654,0.043478260869565216,0.6956521739130435,0,0
S3T8,2019,Middle Tampa Bay,1,0.37037037037037035,0.18518518518518517,0.25925925925925924,0.14814814814814814,0,0
S4T1,2019,Lower Tampa Bay,1,0.37142857142857144,0.37142857142857144,0.17142857142857143,0,0,0
S4T11,2019,Lower Tampa Bay,1,0.9047619047619048,0.7619047619047619,0.5238095238095238,0.19047619047619047,0,0
S4T12,2019,Lower Tampa Bay,1,0.7142857142857143,0.21428571428571427,0.2857142857142857,0.42857142857142855,0,0
S4T13,2019,Lower Tampa Bay,1,0.9230769230769231,0.6923076923076923,0.23076923076923078,0.6923076923076923,0,0
S4T15,2019,Lower Tampa Bay,1,0.7647058823529411,0.35294117647058826,0.47058823529411764,0,0,0
S4T3,2019,Lower Tampa Bay,1,0.9230769230769231,0.5384615384615384,0.46153846153846156,0.38461538461538464,0,0
S4T5,2019,Lower Tampa Bay,1,1,0.875,0.1875,0.8125,0,0
S4T7,2019,Lower Tampa Bay,1,0.8181818181818182,0.6363636363636364,0.8181818181818182,0,0,0
S4T9,2019,Lower Tampa Bay,1,0.6666666666666666,0.5,0.3333333333333333,0,0,0
S5T1,2019,Boca Ciega Bay,1,0.9230769230769231,0,0.9230769230769231,0,0,0
S5T11,2019,Boca Ciega Bay,1,0.9090909090909091,0.2727272727272727,0.7272727272727273,0,0,0
S5T3,2019,Boca Ciega Bay,1,1,0,1,0,0,0
S5T5,2019,Boca Ciega Bay,1,1,0.3333333333333333,0.8888888888888888,0,0,0
S5T7,2019,Boca Ciega Bay,1,1,1,0.4666666666666667,0,0,0
S5T8,2019,Boca Ciega Bay,1,0.9444444444444444,0.5,0.2222222222222222,0.7777777777777778,0,0
S5T9,2019,Boca Ciega Bay,1,1,1,0.3103448275862069,0,0,0
S1T1,2020,Old Tampa Bay,1,0.8421052631578947,0.05263157894736842,0.6842105263157895,0.10526315789473684,0,0
S1T13,2020,Old Tampa Bay,1,0.6538461538461539,0,0.6538461538461539,0,0,0
S1T14,2020,Old Tampa Bay,1,0.972972972972973,0.32432432432432434,0.1891891891891892,0.6756756756756757,0,0
S1T15,2020,Old Tampa Bay,1,0.9428571428571428,0.4857142857142857,0.2857142857142857,0.45714285714285713,0,0
S1T16,2020,Old Tampa Bay,1,0.8666666666666667,0.26666666666666666,0.4,0.3333333333333333,0.022222222222222223,0
S1T17,2020,Old Tampa Bay,1,0.2909090909090909,0,0.2,0.1,0.00909090909090909,0
S1T18,2020,Old Tampa Bay,1,0.7142857142857143,0.023809523809523808,0.47619047619047616,0.2857142857142857,0,0
S1T3,2020,Old Tampa Bay,1,0.3,0,0.3,0,0,0
S1T5,2020,Old Tampa Bay,1,0.9545454545454546,0.45454545454545453,0.5909090909090909,0.09090909090909091,0,0
S1T6,2020,Old Tampa Bay,1,0.8461538461538461,0.6538461538461539,0.3076923076923077,0.3076923076923077,0,0
S1T8,2020,Old Tampa Bay,1,1,0.7142857142857143,0.07142857142857142,0.9285714285714286,0,0
S1T9,2020,Old Tampa Bay,1,0.8529411764705882,0.11764705882352941,0.20588235294117646,0.5882352941176471,0,0
S2T10,2020,Hillsborough Bay,1,0.6875,0,0.6875,0,0,0
S2T111,2020,Hillsborough Bay,1,0.3181818181818182,0,0.3181818181818182,0,0,0
S2T112,2020,Hillsborough Bay,1,0.047619047619047616,0,0.047619047619047616,0,0,0
S2T12,2020,Middle Tampa Bay,1,0.17647058823529413,0,0.17647058823529413,0,0,0
S2T2,2020,Hillsborough Bay,1,0.6301369863013698,0,0.6301369863013698,0,0,0
S2T3,2020,Hillsborough Bay,1,0.18181818181818182,0,0.18181818181818182,0,0,0
S2T4,2020,Hillsborough Bay,1,0.5,0,0.5,0,0,0
S2T5,2020,Hillsborough Bay,1,0.5,0,0.5,0,0,0
S2T6,2020,Hillsborough Bay,1,0.15789473684210525,0,0.15789473684210525,0,0,0
S2T8,2020,Hillsborough Bay,1,0,0,0,0,0,0
S2T9,2020,Hillsborough Bay,1,0.11764705882352941,0,0.11764705882352941,0,0,0
S3T1,2020,Middle Tampa Bay,1,0.8292682926829268,0.04878048780487805,0.14634146341463414,0.7317073170731707,0,0
S3T10,2020,Old Tampa Bay,1,0.6046511627906976,0.18604651162790697,0.20930232558139536,0.23255813953488372,0,0
S3T11,2020,Middle Tampa Bay,1,0.975609756097561,0.21951219512195122,0.12195121951219512,0.8536585365853658,0,0
S3T12,2020,Middle Tampa Bay,1,0.5660377358490566,0.07547169811320754,0.39622641509433965,0.11320754716981132,0.05660377358490566,0.03773584905660377
S3T13,2020,Middle Tampa Bay,1,0.49206349206349204,0.09523809523809523,0.4126984126984127,0,0.015873015873015872,0
S3T3,2020,Middle Tampa Bay,1,0.8888888888888888,0.5,0.2222222222222222,0.5555555555555556,0,0.05555555555555555
S3T4,2020,Middle Tampa Bay,1,0.7142857142857143,0.2857142857142857,0.5714285714285714,0,0,0.14285714285714285
S3T5,2020,Middle Tampa Bay,1,0.90625,0.4375,0.3125,0.46875,0,0
S3T6,2020,Middle Tampa Bay,1,0.8421052631578947,0.21052631578947367,0.3157894736842105,0.5263157894736842,0,0
S3T7,2020,Middle Tampa Bay,1,0.782608695652174,0.34782608695652173,0,0.782608695652174,0,0
S3T8,2020,Middle Tampa Bay,1,0.42857142857142855,0.2857142857142857,0.2857142857142857,0.17857142857142858,0,0
S3T9,2020,Middle Tampa Bay,1,0.8928571428571429,0.03571428571428571,0.7142857142857143,0,0,0.6071428571428571
S4T10,2020,Lower Tampa Bay,1,0.8611111111111112,0.6388888888888888,0.3055555555555556,0.19444444444444445,0,0
S4T12,2020,Lower Tampa Bay,1,0.7142857142857143,0.07142857142857142,0.14285714285714285,0.5714285714285714,0,0
S4T14,2020,Lower Tampa Bay,1,0.8333333333333334,0.4444444444444444,0.2777777777777778,0.2222222222222222,0,0.05555555555555555
S4T2,2020,Lower Tampa Bay,1,0.6521739130434783,0.5652173913043478,0.13043478260869565,0,0,0
S4T4,2020,Lower Tampa Bay,1,0.9117647058823529,0.8235294117647058,0.23529411764705882,0.14705882352941177,0,0
S4T6,2020,Lower Tampa Bay,1,0.8979591836734694,0.7551020408163265,0.22448979591836735,0.40816326530612246,0,0
S4T8,2020,Lower Tampa Bay,1,0.5,0.4,0.5,0,0,0
S5T10,2020,Boca Ciega Bay,1,0.8125,0.8125,0.8125,0,0,0
S5T2,2020,Boca Ciega Bay,1,0.9444444444444444,0.5555555555555556,0.8888888888888888,0,0,0
S5T4,2020,Boca Ciega Bay,1,1,0,1,0,0,0
S5T6,2020,Boca Ciega Bay,1,0.6875,0.1875,0.5625,0,0,0
S5T8,2020,Boca Ciega Bay,1,0.9444444444444444,0.3333333333333333,0.16666666666666666,0.7777777777777778,0,0
S1T1,2021,Old Tampa Bay,1,0.38461538461538464,0.038461538461538464,0.2692307692307692,0.07692307692307693,0,0
S1T13,2021,Old Tampa Bay,1,0.23809523809523808,0,0.23809523809523808,0,0,0
S1T14,2021,Old Tampa Bay,1,0.9705882352941176,0.35294117647058826,0.20588235294117646,0.6470588235294118,0,0
S1T15,2021,Old Tampa Bay,1,0.918918918918919,0.43243243243243246,0.24324324324324326,0.43243243243243246,0.05405405405405406,0
S1T16,2021,Old Tampa Bay,1,0.8604651162790697,0.23255813953488372,0.46511627906976744,0.20930232558139536,0.09302325581395349,0
S1T17,2021,Old Tampa Bay,1,0.027522935779816515,0,0.01834862385321101,0.009174311926605505,0,0
S1T18,2021,Old Tampa Bay,1,0.4883720930232558,0,0.3953488372093023,0.046511627906976744,0.09302325581395349,0
S1T3,2021,Old Tampa Bay,1,0.07692307692307693,0,0.07692307692307693,0,0,0
S1T5,2021,Old Tampa Bay,1,0.8636363636363636,0.5,0.4090909090909091,0.045454545454545456,0,0
S1T6,2021,Old Tampa Bay,1,0.7391304347826086,0.4782608695652174,0.17391304347826086,0.13043478260869565,0,0.08695652173913043
S1T8,2021,Old Tampa Bay,1,0.9230769230769231,0.5384615384615384,0.3076923076923077,0.7692307692307693,0,0
S1T9,2021,Old Tampa Bay,1,0.7674418604651163,0.16279069767441862,0.2558139534883721,0.5116279069767442,0.11627906976744186,0
S2T111,2021,Hillsborough Bay,1,0.391304347826087,0,0.34782608695652173,0,0,0.17391304347826086
S2T112,2021,Hillsborough Bay,1,0.05,0,0.05,0,0,0
S2T12,2021,Middle Tampa Bay,1,0.5,0,0.5,0,0,0
S2T2,2021,Hillsborough Bay,1,0.5070422535211268,0,0.5070422535211268,0,0,0
S2T3,2021,Hillsborough Bay,1,0,0,0,0,0,0
S2T4,2021,Hillsborough Bay,1,0.3170731707317073,0,0.3170731707317073,0,0,0
S2T5,2021,Hillsborough Bay,1,0.5102040816326531,0,0.5102040816326531,0,0.02040816326530612,0
S2T6,2021,Hillsborough Bay,1,0,0,0,0,0,0
S2T8,2021,Hillsborough Bay,1,0,0,0,0,0,0
S2T9,2021,Hillsborough Bay,1,0.2727272727272727,0,0.2727272727272727,0,0,0
S3T1,2021,Middle Tampa Bay,1,0.8648648648648649,0.08108108108108109,0.16216216216216217,0.7297297297297297,0,0
S3T10,2021,Old Tampa Bay,1,0.9523809523809523,0.11904761904761904,0.6666666666666666,0.21428571428571427,0,0.023809523809523808
S3T11,2021,Middle Tampa Bay,1,0.8979591836734694,0.2653061224489796,0.061224489795918366,0.8571428571428571,0,0
S3T12,2021,Middle Tampa Bay,1,0.6923076923076923,0.07692307692307693,0.5192307692307693,0.17307692307692307,0,0.019230769230769232
S3T13,2021,Middle Tampa Bay,1,0.5925925925925926,0.2222222222222222,0.42592592592592593,0.05555555555555555,0,0
S3T3,2021,Middle Tampa Bay,1,0.8275862068965517,0.4827586206896552,0.3448275862068966,0.3793103448275862,0,0
S3T4,2021,Middle Tampa Bay,1,0.8181818181818182,0.45454545454545453,0.8181818181818182,0,0,0.09090909090909091
S3T5,2021,Middle Tampa Bay,2,0.8823260073260073,0.44780219780219777,0.2967032967032967,0.4116300366300366,0,0
S3T6,2021,Middle Tampa Bay,2,0.7430213464696223,0.19868637110016418,0.29146141215106736,0.4277504105090312,0,0
S3T7,2021,Middle Tampa Bay,1,0.7916666666666666,0.4583333333333333,0.08333333333333333,0.7916666666666666,0,0
S3T8,2021,Middle Tampa Bay,1,0.5,0.18181818181818182,0.4090909090909091,0.09090909090909091,0,0
S3T9,2021,Middle Tampa Bay,1,0.7317073170731707,0.024390243902439025,0.6097560975609756,0,0,0.5365853658536586
S4T1,2021,Lower Tampa Bay,2,0.4942084942084942,0.44015444015444016,0.12162162162162163,0,0,0
S4T11,2021,Lower Tampa Bay,1,0.7619047619047619,0.6666666666666666,0.38095238095238093,0.19047619047619047,0,0
S4T12,2021,Lower Tampa Bay,1,0.75,0.2,0.4,0.35,0,0
S4T13,2021,Lower Tampa Bay,1,0.8125,0.625,0.1875,0.5625,0,0.0625
S4T15,2021,Lower Tampa Bay,1,0.631578947368421,0.3157894736842105,0.3684210526315789,0,0,0
S4T2,2021,Lower Tampa Bay,1,0.35714285714285715,0.2857142857142857,0.14285714285714285,0,0,0
S4T3,2021,Lower Tampa Bay,2,0.7083333333333333,0.38541666666666663,0.1875,0.2708333333333333,0.08333333333333333,0
S4T5,2021,Lower Tampa Bay,1,0.9411764705882353,0.8529411764705882,0.29411764705882354,0.5882352941176471,0,0
S4T7,2021,Lower Tampa Bay,1,0.6923076923076923,0.5384615384615384,0.6923076923076923,0.07692307692307693,0,0
S4T9,2021,Lower Tampa Bay,1,0.375,0.25,0.125,0.125,0,0
S5T1,2021,Boca Ciega Bay,1,0.75,0,0.75,0,0,0
S5T11,2021,Boca Ciega Bay,1,0.8571428571428571,0.2857142857142857,0.8571428571428571,0,0,0
S5T3,2021,Boca Ciega Bay,1,0.7142857142857143,0,0.7142857142857143,0,0,0
S5T5,2021,Boca Ciega Bay,1,0.75,0.125,0.625,0,0,0
S5T7,2021,Boca Ciega Bay,1,1,1,0.5333333333333333,0,0,0
S5T9,2021,Boca Ciega Bay,1,1,0.96875,0.40625,0.0625,0,0
S1T1,2022,Old Tampa Bay,1,0.2857142857142857,0,0.2857142857142857,0,0,0
S1T13,2022,Old Tampa Bay,1,0.12857142857142856,0,0.12857142857142856,0,0,0
S1T14,2022,Old Tampa Bay,1,0.9230769230769231,0.3333333333333333,0.1794871794871795,0.6666666666666666,0,0
S1T15,2022,Old Tampa Bay,1,0.918918918918919,0.35135135135135137,0.24324324324324326,0.4864864864864865,0.02702702702702703,0
S1T16,2022,Old Tampa Bay,1,0.9565217391304348,0.17391304347826086,0.782608695652174,0.043478260869565216,0.391304347826087,0
S1T17,2022,Old Tampa Bay,1,0.02654867256637168,0,0.02654867256637168,0,0,0
S1T18,2022,Old Tampa Bay,1,0.2702702702702703,0,0.24324324324324326,0.02702702702702703,0,0
S1T3,2022,Old Tampa Bay,1,0,0,0,0,0,0
S1T5,2022,Old Tampa Bay,1,0.9047619047619048,0.5238095238095238,0.47619047619047616,0.047619047619047616,0,0
S1T6,2022,Old Tampa Bay,1,0.8636363636363636,0.6363636363636364,0.36363636363636365,0.18181818181818182,0,0.045454545454545456
S1T8,2022,Old Tampa Bay,1,0.8421052631578947,0.5263157894736842,0.10526315789473684,0.7894736842105263,0,0
S1T9,2022,Old Tampa Bay,1,0.8205128205128205,0.20512820512820512,0.23076923076923078,0.5384615384615384,0.02564102564102564,0
S2T10,2022,Hillsborough Bay,1,0.8333333333333334,0,0.7777777777777778,0,0,0.05555555555555555
S2T111,2022,Hillsborough Bay,1,0.5454545454545454,0,0.4090909090909091,0,0,0.13636363636363635
S2T112,2022,Hillsborough Bay,1,0.22727272727272727,0,0.22727272727272727,0,0,0
S2T12,2022,Middle Tampa Bay,1,0.5294117647058824,0,0.5,0,0,0.17647058823529413
S2T2,2022,Hillsborough Bay,1,0.5641025641025641,0,0.5641025641025641,0,0,0
S2T3,2022,Hillsborough Bay,1,0.20512820512820512,0,0.15384615384615385,0,0,0.05128205128205128
S2T4,2022,Hillsborough Bay,1,0.4857142857142857,0,0.4857142857142857,0,0,0
S2T5,2022,Hillsborough Bay,1,0.6060606060606061,0,0.6060606060606061,0,0,0
S2T6,2022,Hillsborough Bay,1,0.058823529411764705,0,0.058823529411764705,0,0,0
S2T8,2022,Hillsborough Bay,1,0.1111111111111111,0,0.1111111111111111,0,0,0
S2T9,2022,Hillsborough Bay,1,0.35294117647058826,0,0.35294117647058826,0,0,0
S3T1,2022,Middle Tampa Bay,1,0.8205128205128205,0.07692307692307693,0.20512820512820512,0.717948717948718,0,0
S3T10,2022,Old Tampa Bay,1,0.8305084745762712,0.3728813559322034,0.2033898305084746,0.3389830508474576,0,0
S3T11,2022,Middle Tampa Bay,1,0.8775510204081632,0.2857142857142857,0.061224489795918366,0.7959183673469388,0,0
S3T12,2022,Middle Tampa Bay,1,0.7551020408163265,0.08163265306122448,0.5510204081632653,0.22448979591836735,0,0.061224489795918366
S3T13,2022,Middle Tampa Bay,1,0.7903225806451613,0.22580645161290322,0.4838709677419355,0.22580645161290322,0,0
S3T3,2022,Middle Tampa Bay,1,0.8275862068965517,0.41379310344827586,0.3793103448275862,0.3793103448275862,0,0
S3T4,2022,Middle Tampa Bay,1,0.7272727272727273,0.36363636363636365,0.36363636363636365,0,0,0.36363636363636365
S3T5,2022,Middle Tampa Bay,1,0.8108108108108109,0.40540540540540543,0.24324324324324326,0.43243243243243246,0,0
S3T6,2022,Middle Tampa Bay,1,0.8275862068965517,0.1724137931034483,0.41379310344827586,0.3793103448275862,0,0
S3T7,2022,Middle Tampa Bay,1,0.7407407407407407,0.4074074074074074,0.07407407407407407,0.6666666666666666,0,0
S3T8,2022,Middle Tampa Bay,1,0.4230769230769231,0.15384615384615385,0.23076923076923078,0.19230769230769232,0,0
S3T9,2022,Middle Tampa Bay,1,0.7692307692307693,0.10256410256410256,0.717948717948718,0,0,0.10256410256410256
S4T10,2022,Lower Tampa Bay,1,0.8947368421052632,0.631578947368421,0.5263157894736842,0.10526315789473684,0,0
S4T12,2022,Lower Tampa Bay,1,0.8,0.2,0.25,0.55,0,0
S4T2,2022,Lower Tampa Bay,1,0.8,0.7,0.2,0,0,0
S4T4,2022,Lower Tampa Bay,1,0.8,0.6,0.2,0.13333333333333333,0,0
S4T6,2022,Lower Tampa Bay,1,0.9130434782608695,0.782608695652174,0.1956521739130435,0.391304347826087,0,0
S4T8,2022,Lower Tampa Bay,1,0.5454545454545454,0.18181818181818182,0.5454545454545454,0,0,0
S5T10,2022,Boca Ciega Bay,1,0.9473684210526315,0.7894736842105263,0.7894736842105263,0,0,0.05263157894736842
S5T2,2022,Boca Ciega Bay,1,1,0.6428571428571429,0.7142857142857143,0,0,0
S5T4,2022,Boca Ciega Bay,1,0.7142857142857143,0,0.7142857142857143,0,0,0
S5T6,2022,Boca Ciega Bay,1,0.8125,0.25,0.8125,0.0625,0,0
S5T8,2022,Boca Ciega Bay,1,0.9285714285714286,0.42857142857142855,0.14285714285714285,0.7857142857142857,0,0
S1T1,2023,Old Tampa Bay,1,0.75,0,0.3333333333333333,0,0.5,0
S1T13,2023,Old Tampa Bay,1,0.20967741935483872,0,0.20967741935483872,0,0,0
S1T14,2023,Old Tampa Bay,1,0.9487179487179487,0.38461538461538464,0.1794871794871795,0.7435897435897436,0,0
S1T15,2023,Old Tampa Bay,1,0.8974358974358975,0.358974358974359,0.3333333333333333,0.46153846153846156,0,0
S1T16,2023,Old Tampa Bay,1,0.7692307692307693,0.25,0.4230769230769231,0.21153846153846154,0,0
S1T17,2023,Old Tampa Bay,1,0.0782608695652174,0,0.06956521739130435,0.008695652173913044,0,0
S1T18,2023,Old Tampa Bay,1,0.43333333333333335,0,0.3,0.03333333333333333,0.23333333333333334,0
S1T3,2023,Old Tampa Bay,1,0,0,0,0,0,0
S1T5,2023,Old Tampa Bay,1,0.9,0.35,0.6,0.1,0,0
S1T6,2023,Old Tampa Bay,1,0.9090909090909091,0.7272727272727273,0.36363636363636365,0.22727272727272727,0,0
S1T8,2023,Old Tampa Bay,1,0.8947368421052632,0.5263157894736842,0.10526315789473684,0.8421052631578947,0,0
S1T9,2023,Old Tampa Bay,1,0.7428571428571429,0.2857142857142857,0.2,0.5142857142857142,0.02857142857142857,0
S2T10,2023,Hillsborough Bay,1,0.5,0,0.4444444444444444,0,0,0.05555555555555555
S2T111,2023,Hillsborough Bay,1,0.7619047619047619,0,0.7142857142857143,0,0,0.19047619047619047
S2T112,2023,Hillsborough Bay,1,0.2727272727272727,0,0.2727272727272727,0,0,0
S2T12,2023,Middle Tampa Bay,1,0.7272727272727273,0.045454545454545456,0.7272727272727273,0,0,0
S2T2,2023,Hillsborough Bay,1,0.5616438356164384,0,0.5342465753424658,0,0,0.0273972602739726
S2T3,2023,Hillsborough Bay,1,0.3584905660377358,0,0.3018867924528302,0,0,0.09433962264150944
S2T4,2023,Hillsborough Bay,1,0.7954545454545454,0,0.6590909090909091,0,0,0.4090909090909091
S2T5,2023,Hillsborough Bay,1,0.9387755102040817,0,0.7551020408163265,0,0,0.2857142857142857
S2T6,2023,Hillsborough Bay,1,0.17647058823529413,0,0.17647058823529413,0,0,0
S2T8,2023,Hillsborough Bay,1,0,0,0,0,0,0
S2T9,2023,Hillsborough Bay,1,0.23529411764705882,0,0.23529411764705882,0,0,0
S3T1,2023,Middle Tampa Bay,1,0.8108108108108109,0.08108108108108109,0.13513513513513514,0.7567567567567568,0,0
S3T10,2023,Old Tampa Bay,1,0.7073170731707317,0.2926829268292683,0.1951219512195122,0.3170731707317073,0,0
S3T11,2023,Middle Tampa Bay,1,0.8431372549019608,0.09803921568627451,0.11764705882352941,0.7450980392156863,0,0
S3T12,2023,Middle Tampa Bay,1,0.7954545454545454,0.09090909090909091,0.6136363636363636,0.22727272727272727,0.2727272727272727,0
S3T13,2023,Middle Tampa Bay,1,0.726027397260274,0.1780821917808219,0.3561643835616438,0.2876712328767123,0.0684931506849315,0
S3T3,2023,Middle Tampa Bay,1,0.7241379310344828,0.27586206896551724,0.3103448275862069,0.3448275862068966,0,0
S3T4,2023,Middle Tampa Bay,1,0.6666666666666666,0.16666666666666666,0.5,0,0,0.16666666666666666
S3T5,2023,Middle Tampa Bay,1,0.7894736842105263,0.5,0.3157894736842105,0.34210526315789475,0,0.02631578947368421
S3T6,2023,Middle Tampa Bay,1,0.8620689655172413,0.1724137931034483,0.41379310344827586,0.4482758620689655,0,0
S3T7,2023,Middle Tampa Bay,1,0.8,0.4,0.08,0.8,0,0
S3T8,2023,Middle Tampa Bay,1,0.36363636363636365,0.18181818181818182,0.13636363636363635,0.2727272727272727,0,0
S3T9,2023,Middle Tampa Bay,1,0.8157894736842105,0.10526315789473684,0.8157894736842105,0,0,0
S4T1,2023,Lower Tampa Bay,1,0.7586206896551724,0.5517241379310345,0.4827586206896552,0,0,0
S4T11,2023,Lower Tampa Bay,1,0.85,0.75,0.5,0.05,0,0
S4T12,2023,Lower Tampa Bay,1,0.75,0.15,0.4,0.35,0,0
S4T13,2023,Lower Tampa Bay,1,0.9230769230769231,0.23076923076923078,0.23076923076923078,0.6923076923076923,0,0
S4T14,2023,Lower Tampa Bay,1,0.8095238095238095,0.47619047619047616,0.5714285714285714,0.09523809523809523,0,0
S4T15,2023,Lower Tampa Bay,1,0.8571428571428571,0.35714285714285715,0.5,0,0,0
S4T3,2023,Lower Tampa Bay,1,0.7692307692307693,0.3076923076923077,0.3076923076923077,0.38461538461538464,0,0
S4T5,2023,Lower Tampa Bay,1,0.8571428571428571,0.6785714285714286,0.32142857142857145,0.5,0,0
S4T7,2023,Lower Tampa Bay,1,0.9,0.8,0.9,0,0,0
S4T9,2023,Lower Tampa Bay,1,0.4,0.4,0.2,0.2,0,0
S5T1,2023,Boca Ciega Bay,1,0.92,0,0.92,0,0,0
S5T11,2023,Boca Ciega Bay,1,0.5333333333333333,0.06666666666666667,0.4666666666666667,0.13333333333333333,0,0
S5T3,2023,Boca Ciega Bay,1,0.7777777777777778,0,0.7777777777777778,0,0,0
S5T5,2023,Boca Ciega Bay,1,0.7931034482758621,0.41379310344827586,0.5517241379310345,0.034482758620689655,0,0
S5T7,2023,Boca Ciega Bay,1,0.9333333333333333,0.9333333333333333,0.26666666666666666,0,0,0
S5T9,2023,Boca Ciega Bay,1,1,1,0.5185185185185185,0,0,0
S1T1,2024,Old Tampa Bay,1,0.7777777777777778,0,0.6666666666666666,0,0.1111111111111111,0
S1T13,2024,Old Tampa Bay,1,0.1694915254237288,0,0.1694915254237288,0,0,0
S1T14,2024,Old Tampa Bay,1,0.9428571428571428,0.37142857142857144,0.2571428571428571,0.6571428571428571,0,0
S1T15,2024,Old Tampa Bay,1,0.9444444444444444,0.4166666666666667,0.5,0.4166666666666667,0.027777777777777776,0
S1T16,2024,Old Tampa Bay,1,0.8636363636363636,0.18181818181818182,0.38636363636363635,0.29545454545454547,0.3181818181818182,0
S1T17,2024,Old Tampa Bay,1,0.03508771929824561,0,0.03508771929824561,0,0,0
S1T18,2024,Old Tampa Bay,1,0.4146341463414634,0,0.2682926829268293,0.17073170731707318,0.024390243902439025,0
S1T3,2024,Old Tampa Bay,1,0,0,0,0,0,0
S1T5,2024,Old Tampa Bay,1,0.9090909090909091,0.5,0.5454545454545454,0.13636363636363635,0,0
S1T6,2024,Old Tampa Bay,1,0.95,0.7,0.85,0.2,0,0
S1T8,2024,Old Tampa Bay,1,0.8571428571428571,0.5714285714285714,0.07142857142857142,0.8571428571428571,0,0
S1T9,2024,Old Tampa Bay,1,0.825,0.125,0.375,0.65,0.025,0
S2T10,2024,Hillsborough Bay,1,0.6666666666666666,0,0.6666666666666666,0,0.05555555555555555,0
S2T111,2024,Hillsborough Bay,1,0.8636363636363636,0,0.8636363636363636,0,0,0
S2T112,2024,Hillsborough Bay,1,0.5909090909090909,0,0.5909090909090909,0,0,0
S2T12,2024,Middle Tampa Bay,1,0.8181818181818182,0.030303030303030304,0.7878787878787878,0,0.030303030303030304,0
S2T2,2024,Hillsborough Bay,1,0.7049180327868853,0,0.7049180327868853,0,0,0.14754098360655737
S2T3,2024,Hillsborough Bay,1,0.15254237288135594,0,0.15254237288135594,0,0,0
S2T4,2024,Hillsborough Bay,1,0.8,0,0.8,0,0,0
S2T5,2024,Hillsborough Bay,1,0.8974358974358975,0,0.8974358974358975,0,0,0
S2T6,2024,Hillsborough Bay,1,0.5,0,0.5,0,0,0
S2T8,2024,Hillsborough Bay,1,0,0,0,0,0,0
S2T9,2024,Hillsborough Bay,1,0.23529411764705882,0,0.23529411764705882,0,0,0
S3T1,2024,Middle Tampa Bay,1,0.8055555555555556,0.027777777777777776,0.1111111111111111,0.75,0,0
S3T10,2024,Old Tampa Bay,1,0.8163265306122449,0.24489795918367346,0.3469387755102041,0.32653061224489793,0,0
S3T11,2024,Middle Tampa Bay,1,0.94,0.32,0.14,0.8,0,0
S3T12,2024,Middle Tampa Bay,1,0.8571428571428571,0.047619047619047616,0.6666666666666666,0.19047619047619047,0.047619047619047616,0
S3T13,2024,Middle Tampa Bay,2,0.7167832167832169,0.15268065268065267,0.6824009324009324,0.015151515151515152,0,0
S3T3,2024,Middle Tampa Bay,1,0.7692307692307693,0.23076923076923078,0.15384615384615385,0.46153846153846156,0,0
S3T4,2024,Middle Tampa Bay,1,0.6666666666666666,0.25,0.5,0,0,0
S3T5,2024,Middle Tampa Bay,1,0.7631578947368421,0.42105263157894735,0.2631578947368421,0.3157894736842105,0,0
S3T6,2024,Middle Tampa Bay,1,0.7931034482758621,0.2413793103448276,0.3793103448275862,0.3448275862068966,0,0
S3T7,2024,Middle Tampa Bay,1,0.6153846153846154,0.2692307692307692,0.038461538461538464,0.5769230769230769,0,0
S3T8,2024,Middle Tampa Bay,1,0.2692307692307692,0.11538461538461539,0.07692307692307693,0.19230769230769232,0,0
S3T9,2024,Middle Tampa Bay,1,0.90625,0.15625,0.875,0.03125,0,0
S4T10,2024,Lower Tampa Bay,1,0.8571428571428571,0.5,0.42857142857142855,0,0,0
S4T12,2024,Lower Tampa Bay,1,0.75,0.2,0.35,0.5,0,0
S4T14,2024,Lower Tampa Bay,1,0.7142857142857143,0.5714285714285714,0.2857142857142857,0,0,0
S4T2,2024,Lower Tampa Bay,1,0.7272727272727273,0.6363636363636364,0.18181818181818182,0,0,0
S4T4,2024,Lower Tampa Bay,1,0.7692307692307693,0.46153846153846156,0.38461538461538464,0,0,0
S4T6,2024,Lower Tampa Bay,1,0.6363636363636364,0.5454545454545454,0.2727272727272727,0,0,0
S4T8,2024,Lower Tampa Bay,1,0.375,0,0.375,0,0,0
S5T10,2024,Boca Ciega Bay,1,0.8571428571428571,0.7619047619047619,0.6666666666666666,0,0,0
S5T2,2024,Boca Ciega Bay,1,0.8636363636363636,0.5,0.7272727272727273,0,0,0
S5T4,2024,Boca Ciega Bay,1,0.7777777777777778,0,0.7777777777777778,0,0,0
S5T6,2024,Boca Ciega Bay,1,0.76,0.16,0.68,0.12,0,0
S5T8,2024,Boca Ciega Bay,1,0.92,0.32,0.24,0.6,0,0
S1T1,2025,Old Tampa Bay,1,0.8421052631578947,0,0.8421052631578947,0,0,0
S1T13,2025,Old Tampa Bay,1,0.625,0,0.625,0,0,0
S1T14,2025,Old Tampa Bay,1,0.9714285714285714,0.42857142857142855,0.2571428571428571,0.7428571428571429,0,0
S1T15,2025,Old Tampa Bay,1,0.9714285714285714,0.4,0.5428571428571428,0.5142857142857142,0.17142857142857143,0.02857142857142857
S1T16,2025,Old Tampa Bay,1,0.6739130434782609,0.2391304347826087,0.43478260869565216,0.21739130434782608,0.021739130434782608,0
S1T17,2025,Old Tampa Bay,1,0.045454545454545456,0,0.045454545454545456,0,0,0
S1T18,2025,Old Tampa Bay,1,0.5581395348837209,0,0.4883720930232558,0.13953488372093023,0.023255813953488372,0
S1T3,2025,Old Tampa Bay,1,0.16666666666666666,0,0.16666666666666666,0,0,0
S1T5,2025,Old Tampa Bay,1,0.8571428571428571,0.6190476190476191,0.5238095238095238,0.047619047619047616,0,0
S1T6,2025,Old Tampa Bay,1,0.8888888888888888,0.6296296296296297,0.5555555555555556,0.3333333333333333,0,0
S1T8,2025,Old Tampa Bay,1,0.9333333333333333,0.4666666666666667,0.13333333333333333,0.8,0,0
S1T9,2025,Old Tampa Bay,1,0.775,0.15,0.375,0.45,0.05,0
S2T10,2025,Hillsborough Bay,1,0.9444444444444444,0,0.8888888888888888,0,0.05555555555555555,0
S2T111,2025,Hillsborough Bay,1,0.9047619047619048,0,0.9047619047619048,0,0,0.19047619047619047
S2T112,2025,Hillsborough Bay,1,0.5909090909090909,0,0.45454545454545453,0.09090909090909091,0,0.045454545454545456
S2T12,2025,Middle Tampa Bay,1,0.8484848484848485,0,0.8181818181818182,0.06060606060606061,0.30303030303030304,0.06060606060606061
S2T2,2025,Hillsborough Bay,1,0.92,0,0.92,0,0,0.05333333333333334
S2T3,2025,Hillsborough Bay,1,0.5471698113207547,0,0.5471698113207547,0,0,0
S2T4,2025,Hillsborough Bay,1,0.6590909090909091,0,0.6590909090909091,0,0,0
S2T5,2025,Hillsborough Bay,1,0.86,0,0.86,0,0,0
S2T6,2025,Hillsborough Bay,1,0,0,0,0,0,0
S2T8,2025,Hillsborough Bay,1,0,0,0,0,0,0
S2T9,2025,Hillsborough Bay,1,0.6470588235294118,0,0.6470588235294118,0,0,0
S3T1,2025,Middle Tampa Bay,1,0.725,0.025,0.125,0.675,0,0
S3T10,2025,Old Tampa Bay,1,0.9347826086956522,0.2608695652173913,0.391304347826087,0.41304347826086957,0,0
S3T11,2025,Middle Tampa Bay,1,0.88,0.26,0.08,0.82,0,0
S3T12,2025,Middle Tampa Bay,1,0.8809523809523809,0.09523809523809523,0.6428571428571429,0.16666666666666666,0.07142857142857142,0
S3T13,2025,Middle Tampa Bay,1,0.7627118644067796,0.2033898305084746,0.6101694915254238,0.23728813559322035,0.01694915254237288,0.01694915254237288
S3T3,2025,Middle Tampa Bay,1,0.9166666666666666,0.3333333333333333,0.16666666666666666,0.7083333333333334,0,0
S3T4,2025,Middle Tampa Bay,1,0.8333333333333334,0.3333333333333333,0.8333333333333334,0,0,0
S3T5,2025,Middle Tampa Bay,1,0.7567567567567568,0.4864864864864865,0.32432432432432434,0.2972972972972973,0,0
S3T6,2025,Middle Tampa Bay,1,0.7931034482758621,0.27586206896551724,0.3448275862068966,0.3448275862068966,0,0
S3T7,2025,Middle Tampa Bay,1,0.8518518518518519,0.48148148148148145,0.1111111111111111,0.6296296296296297,0,0
S3T8,2025,Middle Tampa Bay,1,0.3548387096774194,0.0967741935483871,0.22580645161290322,0.16129032258064516,0,0
S3T9,2025,Middle Tampa Bay,1,0.9375,0.125,0.9375,0,0,0.03125
S4T1,2025,Lower Tampa Bay,1,0.5238095238095238,0.38095238095238093,0.2857142857142857,0.14285714285714285,0,0
S4T11,2025,Lower Tampa Bay,1,0.8823529411764706,0.7647058823529411,0.6470588235294118,0.23529411764705882,0,0
S4T12,2025,Lower Tampa Bay,1,0.7,0.3,0.3,0.45,0,0
S4T13,2025,Lower Tampa Bay,1,0.36363636363636365,0.09090909090909091,0.18181818181818182,0.18181818181818182,0,0
S4T15,2025,Lower Tampa Bay,1,0.7647058823529411,0.4117647058823529,0.4117647058823529,0,0,0
S4T3,2025,Lower Tampa Bay,1,0.6153846153846154,0.38461538461538464,0.3076923076923077,0.23076923076923078,0,0
S4T5,2025,Lower Tampa Bay,1,1,0.8636363636363636,0.18181818181818182,0.8181818181818182,0,0
S4T7,2025,Lower Tampa Bay,1,0.7857142857142857,0.35714285714285715,0.7857142857142857,0,0,0
S4T9,2025,Lower Tampa Bay,1,0.5714285714285714,0.2857142857142857,0.5714285714285714,0,0,0
S5T1,2025,Boca Ciega Bay,1,0.5652173913043478,0,0.5652173913043478,0,0,0
S5T11,2025,Boca Ciega Bay,1,0.625,0.1875,0.5,0.125,0,0
S5T3,2025,Boca Ciega Bay,1,0.5,0,0.5,0,0,0
S5T5,2025,Boca Ciega Bay,1,0.7931034482758621,0.41379310344827586,0.6896551724137931,0.034482758620689655,0,0
S5T7,2025,Boca Ciega Bay,1,0.9444444444444444,0.9444444444444444,0.3333333333333333,0,0,0
S5T9,2025,Boca Ciega Bay,1,1,1,0.6296296296296297,0,0,0
